﻿<?xml version="1.0" encoding="utf-8"?>
<ScheduledTasks clsid="{CC63F200-7309-4ba0-B154-A71CD118DBCC}">
    <TaskV2 clsid="{D8896631-B747-47a7-84A6-C155337F3BC8}" name="Remove Local FW rules" image="0" changed="2021-10-09 13:14:54" uid="64B7BFEB-42A2-45FA-AB81-8C3A534E9348" userContext="0" removePolicy="0">
        <Properties action="C" name="Remove Local FW rules" runAs="NT AUTHORITY\System" logonType="S4U">
            <Task version="1.3">
                <RegistrationInfo>
                    <Author>Administrator</Author>
                    <Description>Local Rules have no effect (are disabled), but should be removed to make that visable</Description>
                </RegistrationInfo>
                <Principals>
                    <Principal id="Author">
                        <UserId>NT AUTHORITY\System</UserId>
                        <LogonType>S4U</LogonType>
                        <RunLevel>HighestAvailable</RunLevel>
                    </Principal>
                </Principals>
                <Settings>
                    <IdleSettings>
                        <Duration>PT5M</Duration>
                        <WaitTimeout>PT1H</WaitTimeout>
                        <StopOnIdleEnd>false</StopOnIdleEnd>
                        <RestartOnIdle>false</RestartOnIdle>
                    </IdleSettings>
                    <MultipleInstancesPolicy>IgnoreNew</MultipleInstancesPolicy>
                    <DisallowStartIfOnBatteries>false</DisallowStartIfOnBatteries>
                    <StopIfGoingOnBatteries>false</StopIfGoingOnBatteries>
                    <AllowHardTerminate>false</AllowHardTerminate>
                    <StartWhenAvailable>true</StartWhenAvailable>
                    <AllowStartOnDemand>true</AllowStartOnDemand>
                    <Enabled>true</Enabled>
                    <Hidden>true</Hidden>
                    <ExecutionTimeLimit>PT0S</ExecutionTimeLimit>
                    <Priority>7</Priority>
                </Settings>
                <Triggers>
                    <CalendarTrigger>
                        <StartBoundary>2020-07-12T18:00:00</StartBoundary>
                        <Enabled>true</Enabled>
                        <ScheduleByDay>
                            <DaysInterval>1</DaysInterval>
                        </ScheduleByDay>
                        <ExecutionTimeLimit>PT30M</ExecutionTimeLimit>
                    </CalendarTrigger>
                </Triggers>
                <Actions Context="Author">
                    <Exec>
                        <Command>C:\Windows\System32\WindowsPowerShell\v1.0\powershell.exe</Command>
                        <Arguments>-ExecutionPolicy Bypass -Command "&amp; Get-NetFirewallRule | Remove-NetFirewallRule "</Arguments>
                    </Exec>
                </Actions>
            </Task>
        </Properties>
    </TaskV2>
    <TaskV2 clsid="{D8896631-B747-47a7-84A6-C155337F3BC8}" name="FixFirewallProfile" image="0" changed="2021-10-09 13:14:54" uid="64B7BFEB-42A2-45FA-AB81-8C3A534E9348">
        <Properties action="C" name="FixFirewallProfile" runAs="NT AUTHORITY\System" logonType="InteractiveToken">
            <Task version="1.2">
                <RegistrationInfo>
                    <Author>Administrator</Author>
                    <Description>Restarts the nlasvc (the most ironically named service ever) if the domain profile isn't connected, every 1 minute for a period of 5 mintes after boot</Description>
                </RegistrationInfo>
                <Principals>
                    <Principal id="Author">
                        <UserId>NT AUTHORITY\System</UserId>
                        <LogonType>InteractiveToken</LogonType>
                        <RunLevel>HighestAvailable</RunLevel>
                    </Principal>
                </Principals>
                <Settings>
                    <IdleSettings>
                        <Duration>PT5M</Duration>
                        <WaitTimeout>PT1H</WaitTimeout>
                        <StopOnIdleEnd>false</StopOnIdleEnd>
                        <RestartOnIdle>false</RestartOnIdle>
                    </IdleSettings>
                    <MultipleInstancesPolicy>IgnoreNew</MultipleInstancesPolicy>
                    <DisallowStartIfOnBatteries>false</DisallowStartIfOnBatteries>
                    <StopIfGoingOnBatteries>false</StopIfGoingOnBatteries>
                    <AllowHardTerminate>false</AllowHardTerminate>
                    <AllowStartOnDemand>false</AllowStartOnDemand>
                    <Enabled>true</Enabled>
                    <Hidden>true</Hidden>
                    <ExecutionTimeLimit>PT0S</ExecutionTimeLimit>
                    <Priority>7</Priority>
                </Settings>
                <Triggers>
                    <BootTrigger>
                        <Enabled>true</Enabled>
                        <Delay>PT30S</Delay>
                        <Repetition>
                            <Interval>PT1M</Interval>
                            <Duration>PT5M</Duration>
                            <StopAtDurationEnd>false</StopAtDurationEnd>
                        </Repetition>
                    </BootTrigger>
                </Triggers>
                <Actions Context="Author">
                    <Exec>
                        <Command>C:\Windows\System32\WindowsPowerShell\v1.0\powershell.exe</Command>
                        <Arguments>-ExecutionPolicy Bypass -Command "(&amp; netsh advfirewall show currentprofile)[1] | % { if ($_ -notmatch '^Domain') { Restart-Service -Name 'nlasvc' -force}}"</Arguments>
                    </Exec>
                </Actions>
            </Task>
        </Properties>
    </TaskV2>
</ScheduledTasks>
