﻿<?xml version="1.0" encoding="utf-8"?>
<RegistrySettings clsid="{A3CCFC41-DFDB-43a5-8D26-0FE8B954DA51}">
    <Registry clsid="{9CD4B2F4-923D-47f5-A062-E897DD1DAD50}" name="Ports" status="Ports" image="6" changed="2021-10-09 13:15:03" uid="D50421F5-AF64-4E03-BABE-698BE99EE321">
        <Properties action="R" displayDecimal="1" default="0" hive="HKEY_LOCAL_MACHINE" key="SOFTWARE\Microsoft\Rpc\Internet" name="Ports" type="REG_MULTI_SZ" value="50000-54000">
            <Values>
                <Value>50000-54000</Value>
            </Values>
        </Properties>
    </Registry>
    <Registry clsid="{9CD4B2F4-923D-47f5-A062-E897DD1DAD50}" name="PortsInternetAvailable" status="PortsInternetAvailable" image="6" changed="2021-10-09 13:15:03" uid="D50421F5-AF64-4E03-BABE-698BE99EE321">
        <Properties action="R" displayDecimal="1" default="0" hive="HKEY_LOCAL_MACHINE" key="SOFTWARE\Microsoft\Rpc\Internet" name="PortsInternetAvailable" type="REG_SZ" value="Y" />
    </Registry>
    <Registry clsid="{9CD4B2F4-923D-47f5-A062-E897DD1DAD50}" name="UseInternetPorts" status="UseInternetPorts" image="6" changed="2021-10-09 13:15:03" uid="D50421F5-AF64-4E03-BABE-698BE99EE321">
        <Properties action="R" displayDecimal="1" default="0" hive="HKEY_LOCAL_MACHINE" key="SOFTWARE\Microsoft\Rpc\Internet" name="UseInternetPorts" type="REG_SZ" value="Y" />
    </Registry>
    <Registry clsid="{9CD4B2F4-923D-47f5-A062-E897DD1DAD50}" name="DoNotOpenServerManagerAtLogon" status="DoNotOpenServerManagerAtLogon" image="12" changed="2021-10-09 13:15:03" uid="D50421F5-AF64-4E03-BABE-698BE99EE321">
        <Properties action="U" displayDecimal="1" default="0" hive="HKEY_LOCAL_MACHINE" key="SOFTWARE\Microsoft\ServerManager" name="DoNotOpenServerManagerAtLogon" type="REG_DWORD" value="00000001" />
    </Registry>
</RegistrySettings>
