<Backups xmlns="http://www.microsoft.com/GroupPolicy/GPOOperations/Manifest" xmlns:mfst="http://www.microsoft.com/GroupPolicy/GPOOperations/Manifest" mfst:version="1.0"><BackupInst><GPOGuid><![CDATA[{0218E12D-80D4-47C3-99DD-48B51DD30300}]]></GPOGuid><GPODomain><![CDATA[DRY.DEP]]></GPODomain><GPODomainGuid><![CDATA[{38050e6c-d063-415d-8ba2-58208273331d}]]></GPODomainGuid><GPODomainController><![CDATA[DC001-S5-D.DRY.DEP]]></GPODomainController><BackupTime><![CDATA[2021-10-09T11:26:36]]></BackupTime><ID><![CDATA[{D14726BF-8452-435F-B7C7-48BA2FFD921B}]]></ID><Comment><![CDATA[]]></Comment><GPODisplayName><![CDATA[DC - Role - Deployment Exceptions - v1r0]]></GPODisplayName></BackupInst></Backups>