<?xml version="1.0" encoding="utf-8"?><!-- Copyright (c) Microsoft Corporation.  All rights reserved. --><GroupPolicyBackupScheme bkp:version="2.0" bkp:type="GroupPolicyBackupTemplate" xmlns:bkp="http://www.microsoft.com/GroupPolicy/GPOOperations" xmlns="http://www.microsoft.com/GroupPolicy/GPOOperations">
    <GroupPolicyObject><SecurityGroups><Group bkp:Source="FromDACL"><Sid><![CDATA[S-1-5-21-2752050557-4280068763-3724860923-519]]></Sid><SamAccountName><![CDATA[Enterprise Admins]]></SamAccountName><Type><![CDATA[UniversalGroup]]></Type><NetBIOSDomainName><![CDATA[DRY]]></NetBIOSDomainName><DnsDomainName><![CDATA[DRY.DEP]]></DnsDomainName><UPN><![CDATA[Enterprise Admins@DRY.DEP]]></UPN></Group><Group bkp:Source="FromDACL"><Sid><![CDATA[S-1-5-21-2752050557-4280068763-3724860923-512]]></Sid><SamAccountName><![CDATA[Domain Admins]]></SamAccountName><Type><![CDATA[GlobalGroup]]></Type><NetBIOSDomainName><![CDATA[DRY]]></NetBIOSDomainName><DnsDomainName><![CDATA[DRY.DEP]]></DnsDomainName><UPN><![CDATA[Domain Admins@DRY.DEP]]></UPN></Group></SecurityGroups><FilePaths/><GroupPolicyCoreSettings><ID><![CDATA[{AD730041-43BE-43FF-A82C-1FEA59B73380}]]></ID><Domain><![CDATA[DRY.DEP]]></Domain><SecurityDescriptor>01 00 04 9c 00 00 00 00 00 00 00 00 00 00 00 00 14 00 00 00 04 00 ec 00 08 00 00 00 05 02 28 00 00 01 00 00 01 00 00 00 8f fd ac ed b3 ff d1 11 b4 1d 00 a0 c9 68 f9 39 01 01 00 00 00 00 00 05 0b 00 00 00 00 00 24 00 ff 00 0f 00 01 05 00 00 00 00 00 05 15 00 00 00 7d f5 08 a4 9b aa 1c ff fb dd 04 de 00 02 00 00 00 02 24 00 ff 00 0f 00 01 05 00 00 00 00 00 05 15 00 00 00 7d f5 08 a4 9b aa 1c ff fb dd 04 de 00 02 00 00 00 02 24 00 ff 00 0f 00 01 05 00 00 00 00 00 05 15 00 00 00 7d f5 08 a4 9b aa 1c ff fb dd 04 de 07 02 00 00 00 02 14 00 94 00 02 00 01 01 00 00 00 00 00 05 09 00 00 00 00 02 14 00 94 00 02 00 01 01 00 00 00 00 00 05 0b 00 00 00 00 02 14 00 ff 00 0f 00 01 01 00 00 00 00 00 05 12 00 00 00 00 0a 14 00 ff 00 0f 00 01 01 00 00 00 00 00 03 00 00 00 00</SecurityDescriptor><DisplayName><![CDATA[Domain - Windows 2019 Core - OSConfig - v0r2]]></DisplayName><Options><![CDATA[1]]></Options><UserVersionNumber><![CDATA[0]]></UserVersionNumber><MachineVersionNumber><![CDATA[65537]]></MachineVersionNumber><MachineExtensionGuids><![CDATA[[{00000000-0000-0000-0000-000000000000}{BEE07A6A-EC9F-4659-B8C9-0B1937907C83}][{B087BE9D-ED37-454F-AF9C-04291E351182}{BEE07A6A-EC9F-4659-B8C9-0B1937907C83}]]]></MachineExtensionGuids><UserExtensionGuids/><WMIFilter/></GroupPolicyCoreSettings> 
        <GroupPolicyExtension bkp:ID="{35378EAC-683F-11D2-A89A-00C04FBBCFA2}" bkp:DescName="Registry">
            
            
            <FSObjectFile bkp:Path="%GPO_FSPATH%\Adm\*.*" bkp:SourceExpandedPath="\\DC001-S5-D.DRY.DEP\sysvol\DRY.DEP\Policies\{AD730041-43BE-43FF-A82C-1FEA59B73380}\Adm\*.*"/>
        </GroupPolicyExtension>
        
        
        
        
        
        
        
        
        
    <GroupPolicyExtension bkp:ID="{F15C46CD-82A0-4C2D-A210-5D0D3182A418}" bkp:DescName="Unknown Extension"><FSObjectDir bkp:Path="%GPO_MACH_FSPATH%\Preferences" bkp:SourceExpandedPath="\\DC001-S5-D.DRY.DEP\sysvol\DRY.DEP\Policies\{AD730041-43BE-43FF-A82C-1FEA59B73380}\Machine\Preferences" bkp:Location="DomainSysvol\GPO\Machine\Preferences"/><FSObjectDir bkp:Path="%GPO_MACH_FSPATH%\Preferences\Registry" bkp:SourceExpandedPath="\\DC001-S5-D.DRY.DEP\sysvol\DRY.DEP\Policies\{AD730041-43BE-43FF-A82C-1FEA59B73380}\Machine\Preferences\Registry" bkp:Location="DomainSysvol\GPO\Machine\Preferences\Registry"/><FSObjectFile bkp:Path="%GPO_MACH_FSPATH%\Preferences\Registry\Registry.xml" bkp:SourceExpandedPath="\\DC001-S5-D.DRY.DEP\sysvol\DRY.DEP\Policies\{AD730041-43BE-43FF-A82C-1FEA59B73380}\Machine\Preferences\Registry\Registry.xml" bkp:Location="DomainSysvol\GPO\Machine\Preferences\Registry\Registry.xml"/><FSObjectDir bkp:Path="%GPO_MACH_FSPATH%\Scripts" bkp:SourceExpandedPath="\\DC001-S5-D.DRY.DEP\sysvol\DRY.DEP\Policies\{AD730041-43BE-43FF-A82C-1FEA59B73380}\Machine\Scripts" bkp:Location="DomainSysvol\GPO\Machine\Scripts"/><FSObjectFile bkp:Path="%GPO_MACH_FSPATH%\Scripts\psscripts.ini" bkp:SourceExpandedPath="\\DC001-S5-D.DRY.DEP\sysvol\DRY.DEP\Policies\{AD730041-43BE-43FF-A82C-1FEA59B73380}\Machine\Scripts\psscripts.ini" bkp:Location="DomainSysvol\GPO\Machine\Scripts\psscripts.ini"/><FSObjectFile bkp:Path="%GPO_MACH_FSPATH%\Scripts\scripts.ini" bkp:SourceExpandedPath="\\DC001-S5-D.DRY.DEP\sysvol\DRY.DEP\Policies\{AD730041-43BE-43FF-A82C-1FEA59B73380}\Machine\Scripts\scripts.ini" bkp:Location="DomainSysvol\GPO\Machine\Scripts\scripts.ini"/></GroupPolicyExtension></GroupPolicyObject>
</GroupPolicyBackupScheme>