<BackupInst xmlns="http://www.microsoft.com/GroupPolicy/GPOOperations/Manifest"><GPOGuid><![CDATA[{AD730041-43BE-43FF-A82C-1FEA59B73380}]]></GPOGuid><GPODomain><![CDATA[DRY.DEP]]></GPODomain><GPODomainGuid><![CDATA[{38050e6c-d063-415d-8ba2-58208273331d}]]></GPODomainGuid><GPODomainController><![CDATA[DC001-S5-D.DRY.DEP]]></GPODomainController><BackupTime><![CDATA[2021-10-09T11:27:32]]></BackupTime><ID><![CDATA[{B59FD65C-B67E-49A7-8125-8543F3062123}]]></ID><Comment><![CDATA[]]></Comment><GPODisplayName><![CDATA[Domain - Windows 2019 Core - OSConfig - v0r2]]></GPODisplayName></BackupInst>
