<Backups xmlns="http://www.microsoft.com/GroupPolicy/GPOOperations/Manifest" xmlns:mfst="http://www.microsoft.com/GroupPolicy/GPOOperations/Manifest" mfst:version="1.0"><BackupInst><GPOGuid><![CDATA[{A1987ED8-7B48-4959-BCEA-483FEA5B15A9}]]></GPOGuid><GPODomain><![CDATA[DRY.DEP]]></GPODomain><GPODomainGuid><![CDATA[{38050e6c-d063-415d-8ba2-58208273331d}]]></GPODomainGuid><GPODomainController><![CDATA[DC001-S5-D.DRY.DEP]]></GPODomainController><BackupTime><![CDATA[2021-10-09T11:28:11]]></BackupTime><ID><![CDATA[{C3F0E50D-9B40-4FE7-B4E0-CBABB484D90A}]]></ID><Comment><![CDATA[]]></Comment><GPODisplayName><![CDATA[Schannel Hardening - v0r4]]></GPODisplayName></BackupInst></Backups>