<Backups xmlns="http://www.microsoft.com/GroupPolicy/GPOOperations/Manifest" xmlns:mfst="http://www.microsoft.com/GroupPolicy/GPOOperations/Manifest" mfst:version="1.0"><BackupInst><GPOGuid><![CDATA[{E501A796-DAF7-423F-9B69-BE60E3ECBB4B}]]></GPOGuid><GPODomain><![CDATA[DRY.DEP]]></GPODomain><GPODomainGuid><![CDATA[{38050e6c-d063-415d-8ba2-58208273331d}]]></GPODomainGuid><GPODomainController><![CDATA[DC001-S5-D.DRY.DEP]]></GPODomainController><BackupTime><![CDATA[2021-10-09T11:27:45]]></BackupTime><ID><![CDATA[{42E275D3-8FEC-4B5E-A022-526BFF794910}]]></ID><Comment><![CDATA[]]></Comment><GPODisplayName><![CDATA[Domain - Windows 2019 Desktop - OSConfig - v0r2]]></GPODisplayName></BackupInst></Backups>