<Backups xmlns="http://www.microsoft.com/GroupPolicy/GPOOperations/Manifest" xmlns:mfst="http://www.microsoft.com/GroupPolicy/GPOOperations/Manifest" mfst:version="1.0"><BackupInst><GPOGuid><![CDATA[{8EE3AAD2-D951-4DC4-8C34-0B4014E7D593}]]></GPOGuid><GPODomain><![CDATA[DRY.DEP]]></GPODomain><GPODomainGuid><![CDATA[{38050e6c-d063-415d-8ba2-58208273331d}]]></GPODomainGuid><GPODomainController><![CDATA[DC001-S5-D.DRY.DEP]]></GPODomainController><BackupTime><![CDATA[2021-10-09T11:40:36]]></BackupTime><ID><![CDATA[{73F086B4-E14A-47C7-BAFA-4392B62BC4B4}]]></ID><Comment><![CDATA[]]></Comment><GPODisplayName><![CDATA[Domain - Domain Policy - v0r2]]></GPODisplayName></BackupInst></Backups>