<?xml version="1.0" encoding="utf-8"?><!-- Copyright (c) Microsoft Corporation.  All rights reserved. --><GroupPolicyBackupScheme bkp:version="2.0" bkp:type="GroupPolicyBackupTemplate" xmlns:bkp="http://www.microsoft.com/GroupPolicy/GPOOperations" xmlns="http://www.microsoft.com/GroupPolicy/GPOOperations">
    <GroupPolicyObject><SecurityGroups><Group bkp:Source="FromDACL"><Sid><![CDATA[S-1-5-21-2752050557-4280068763-3724860923-519]]></Sid><SamAccountName><![CDATA[Enterprise Admins]]></SamAccountName><Type><![CDATA[UniversalGroup]]></Type><NetBIOSDomainName><![CDATA[DRY]]></NetBIOSDomainName><DnsDomainName><![CDATA[DRY.DEP]]></DnsDomainName><UPN><![CDATA[Enterprise Admins@DRY.DEP]]></UPN></Group><Group bkp:Source="FromDACL"><Sid><![CDATA[S-1-5-21-2752050557-4280068763-3724860923-512]]></Sid><SamAccountName><![CDATA[Domain Admins]]></SamAccountName><Type><![CDATA[GlobalGroup]]></Type><NetBIOSDomainName><![CDATA[DRY]]></NetBIOSDomainName><DnsDomainName><![CDATA[DRY.DEP]]></DnsDomainName><UPN><![CDATA[Domain Admins@DRY.DEP]]></UPN></Group></SecurityGroups><FilePaths/><GroupPolicyCoreSettings><ID><![CDATA[{8DB624B9-AEDC-4199-A055-9297285119F8}]]></ID><Domain><![CDATA[DRY.DEP]]></Domain><SecurityDescriptor>01 00 04 9c 00 00 00 00 00 00 00 00 00 00 00 00 14 00 00 00 04 00 ec 00 08 00 00 00 05 02 28 00 00 01 00 00 01 00 00 00 8f fd ac ed b3 ff d1 11 b4 1d 00 a0 c9 68 f9 39 01 01 00 00 00 00 00 05 0b 00 00 00 00 00 24 00 ff 00 0f 00 01 05 00 00 00 00 00 05 15 00 00 00 7d f5 08 a4 9b aa 1c ff fb dd 04 de 00 02 00 00 00 02 24 00 ff 00 0f 00 01 05 00 00 00 00 00 05 15 00 00 00 7d f5 08 a4 9b aa 1c ff fb dd 04 de 00 02 00 00 00 02 24 00 ff 00 0f 00 01 05 00 00 00 00 00 05 15 00 00 00 7d f5 08 a4 9b aa 1c ff fb dd 04 de 07 02 00 00 00 02 14 00 94 00 02 00 01 01 00 00 00 00 00 05 09 00 00 00 00 02 14 00 94 00 02 00 01 01 00 00 00 00 00 05 0b 00 00 00 00 02 14 00 ff 00 0f 00 01 01 00 00 00 00 00 05 12 00 00 00 00 0a 14 00 ff 00 0f 00 01 01 00 00 00 00 00 03 00 00 00 00</SecurityDescriptor><DisplayName><![CDATA[Domain - Windows Server Baseline - v0r6]]></DisplayName><Options><![CDATA[0]]></Options><UserVersionNumber><![CDATA[65537]]></UserVersionNumber><MachineVersionNumber><![CDATA[196611]]></MachineVersionNumber><MachineExtensionGuids><![CDATA[[{00000000-0000-0000-0000-000000000000}{3EC4E9D3-714D-471F-88DC-4DD4471AAB47}{BEE07A6A-EC9F-4659-B8C9-0B1937907C83}{CAB54552-DEEA-4691-817E-ED4A4D1AFC72}][{35378EAC-683F-11D2-A89A-00C04FBBCFA2}{B05566AC-FE9C-4368-BE01-7A4CBB6CBA11}{D02B1F72-3407-48AE-BA88-E8213C6761F1}][{6232C319-91AC-4931-9385-E70C2B099F0E}{3EC4E9D3-714D-471F-88DC-4DD4471AAB47}][{827D319E-6EAC-11D2-A4EA-00C04F79F83A}{803E14A0-B4FB-11D0-A0D0-00A0C90F574B}][{AADCED64-746C-4633-A97C-D61349046527}{CAB54552-DEEA-4691-817E-ED4A4D1AFC72}][{B087BE9D-ED37-454F-AF9C-04291E351182}{BEE07A6A-EC9F-4659-B8C9-0B1937907C83}]]]></MachineExtensionGuids><UserExtensionGuids><![CDATA[[{00000000-0000-0000-0000-000000000000}{BEE07A6A-EC9F-4659-B8C9-0B1937907C83}][{B087BE9D-ED37-454F-AF9C-04291E351182}{BEE07A6A-EC9F-4659-B8C9-0B1937907C83}]]]></UserExtensionGuids><WMIFilter/></GroupPolicyCoreSettings> 
        <GroupPolicyExtension bkp:ID="{35378EAC-683F-11D2-A89A-00C04FBBCFA2}" bkp:DescName="Registry">
            <FSObjectFile bkp:Path="%GPO_MACH_FSPATH%\registry.pol" bkp:SourceExpandedPath="\\DC001-S5-D.DRY.DEP\sysvol\DRY.DEP\Policies\{8DB624B9-AEDC-4199-A055-9297285119F8}\Machine\registry.pol" bkp:Location="DomainSysvol\GPO\Machine\registry.pol"/>
            
            <FSObjectFile bkp:Path="%GPO_FSPATH%\Adm\*.*" bkp:SourceExpandedPath="\\DC001-S5-D.DRY.DEP\sysvol\DRY.DEP\Policies\{8DB624B9-AEDC-4199-A055-9297285119F8}\Adm\*.*"/>
        </GroupPolicyExtension>
        
        
        
        
        <GroupPolicyExtension bkp:ID="{827D319E-6EAC-11D2-A4EA-00C04F79F83A}" bkp:DescName="Security">
            <FSObjectFile bkp:Path="%GPO_MACH_FSPATH%\microsoft\windows nt\SecEdit\GptTmpl.inf" bkp:SourceExpandedPath="\\DC001-S5-D.DRY.DEP\sysvol\DRY.DEP\Policies\{8DB624B9-AEDC-4199-A055-9297285119F8}\Machine\microsoft\windows nt\SecEdit\GptTmpl.inf" bkp:ReEvaluateFunction="SecurityValidateSettings" bkp:Location="DomainSysvol\GPO\Machine\microsoft\windows nt\SecEdit\GptTmpl.inf"/>
        </GroupPolicyExtension>
        
        
        
        
    <GroupPolicyExtension bkp:ID="{F15C46CD-82A0-4C2D-A210-5D0D3182A418}" bkp:DescName="Unknown Extension"><FSObjectDir bkp:Path="%GPO_MACH_FSPATH%\Microsoft" bkp:SourceExpandedPath="\\DC001-S5-D.DRY.DEP\sysvol\DRY.DEP\Policies\{8DB624B9-AEDC-4199-A055-9297285119F8}\Machine\Microsoft" bkp:Location="DomainSysvol\GPO\Machine\Microsoft"/><FSObjectDir bkp:Path="%GPO_MACH_FSPATH%\Microsoft\Windows NT" bkp:SourceExpandedPath="\\DC001-S5-D.DRY.DEP\sysvol\DRY.DEP\Policies\{8DB624B9-AEDC-4199-A055-9297285119F8}\Machine\Microsoft\Windows NT" bkp:Location="DomainSysvol\GPO\Machine\Microsoft\Windows NT"/><FSObjectDir bkp:Path="%GPO_MACH_FSPATH%\Microsoft\Windows NT\SecEdit" bkp:SourceExpandedPath="\\DC001-S5-D.DRY.DEP\sysvol\DRY.DEP\Policies\{8DB624B9-AEDC-4199-A055-9297285119F8}\Machine\Microsoft\Windows NT\SecEdit" bkp:Location="DomainSysvol\GPO\Machine\Microsoft\Windows NT\SecEdit"/><FSObjectDir bkp:Path="%GPO_MACH_FSPATH%\Preferences" bkp:SourceExpandedPath="\\DC001-S5-D.DRY.DEP\sysvol\DRY.DEP\Policies\{8DB624B9-AEDC-4199-A055-9297285119F8}\Machine\Preferences" bkp:Location="DomainSysvol\GPO\Machine\Preferences"/><FSObjectDir bkp:Path="%GPO_MACH_FSPATH%\Preferences\Folders" bkp:SourceExpandedPath="\\DC001-S5-D.DRY.DEP\sysvol\DRY.DEP\Policies\{8DB624B9-AEDC-4199-A055-9297285119F8}\Machine\Preferences\Folders" bkp:Location="DomainSysvol\GPO\Machine\Preferences\Folders"/><FSObjectFile bkp:Path="%GPO_MACH_FSPATH%\Preferences\Folders\Folders.xml" bkp:SourceExpandedPath="\\DC001-S5-D.DRY.DEP\sysvol\DRY.DEP\Policies\{8DB624B9-AEDC-4199-A055-9297285119F8}\Machine\Preferences\Folders\Folders.xml" bkp:Location="DomainSysvol\GPO\Machine\Preferences\Folders\Folders.xml"/><FSObjectDir bkp:Path="%GPO_MACH_FSPATH%\Preferences\Registry" bkp:SourceExpandedPath="\\DC001-S5-D.DRY.DEP\sysvol\DRY.DEP\Policies\{8DB624B9-AEDC-4199-A055-9297285119F8}\Machine\Preferences\Registry" bkp:Location="DomainSysvol\GPO\Machine\Preferences\Registry"/><FSObjectFile bkp:Path="%GPO_MACH_FSPATH%\Preferences\Registry\Registry.xml" bkp:SourceExpandedPath="\\DC001-S5-D.DRY.DEP\sysvol\DRY.DEP\Policies\{8DB624B9-AEDC-4199-A055-9297285119F8}\Machine\Preferences\Registry\Registry.xml" bkp:Location="DomainSysvol\GPO\Machine\Preferences\Registry\Registry.xml"/><FSObjectDir bkp:Path="%GPO_MACH_FSPATH%\Preferences\ScheduledTasks" bkp:SourceExpandedPath="\\DC001-S5-D.DRY.DEP\sysvol\DRY.DEP\Policies\{8DB624B9-AEDC-4199-A055-9297285119F8}\Machine\Preferences\ScheduledTasks" bkp:Location="DomainSysvol\GPO\Machine\Preferences\ScheduledTasks"/><FSObjectFile bkp:Path="%GPO_MACH_FSPATH%\Preferences\ScheduledTasks\ScheduledTasks.xml" bkp:SourceExpandedPath="\\DC001-S5-D.DRY.DEP\sysvol\DRY.DEP\Policies\{8DB624B9-AEDC-4199-A055-9297285119F8}\Machine\Preferences\ScheduledTasks\ScheduledTasks.xml" bkp:Location="DomainSysvol\GPO\Machine\Preferences\ScheduledTasks\ScheduledTasks.xml"/><FSObjectDir bkp:Path="%GPO_MACH_FSPATH%\Preferences\Shortcuts" bkp:SourceExpandedPath="\\DC001-S5-D.DRY.DEP\sysvol\DRY.DEP\Policies\{8DB624B9-AEDC-4199-A055-9297285119F8}\Machine\Preferences\Shortcuts" bkp:Location="DomainSysvol\GPO\Machine\Preferences\Shortcuts"/><FSObjectDir bkp:Path="%GPO_MACH_FSPATH%\Scripts" bkp:SourceExpandedPath="\\DC001-S5-D.DRY.DEP\sysvol\DRY.DEP\Policies\{8DB624B9-AEDC-4199-A055-9297285119F8}\Machine\Scripts" bkp:Location="DomainSysvol\GPO\Machine\Scripts"/><FSObjectFile bkp:Path="%GPO_MACH_FSPATH%\Scripts\psscripts.ini" bkp:SourceExpandedPath="\\DC001-S5-D.DRY.DEP\sysvol\DRY.DEP\Policies\{8DB624B9-AEDC-4199-A055-9297285119F8}\Machine\Scripts\psscripts.ini" bkp:Location="DomainSysvol\GPO\Machine\Scripts\psscripts.ini"/><FSObjectFile bkp:Path="%GPO_MACH_FSPATH%\Scripts\scripts.ini" bkp:SourceExpandedPath="\\DC001-S5-D.DRY.DEP\sysvol\DRY.DEP\Policies\{8DB624B9-AEDC-4199-A055-9297285119F8}\Machine\Scripts\scripts.ini" bkp:Location="DomainSysvol\GPO\Machine\Scripts\scripts.ini"/><FSObjectDir bkp:Path="%GPO_USER_FSPATH%\Preferences" bkp:SourceExpandedPath="\\DC001-S5-D.DRY.DEP\sysvol\DRY.DEP\Policies\{8DB624B9-AEDC-4199-A055-9297285119F8}\User\Preferences" bkp:Location="DomainSysvol\GPO\User\Preferences"/><FSObjectDir bkp:Path="%GPO_USER_FSPATH%\Preferences\Registry" bkp:SourceExpandedPath="\\DC001-S5-D.DRY.DEP\sysvol\DRY.DEP\Policies\{8DB624B9-AEDC-4199-A055-9297285119F8}\User\Preferences\Registry" bkp:Location="DomainSysvol\GPO\User\Preferences\Registry"/><FSObjectFile bkp:Path="%GPO_USER_FSPATH%\Preferences\Registry\Registry.xml" bkp:SourceExpandedPath="\\DC001-S5-D.DRY.DEP\sysvol\DRY.DEP\Policies\{8DB624B9-AEDC-4199-A055-9297285119F8}\User\Preferences\Registry\Registry.xml" bkp:Location="DomainSysvol\GPO\User\Preferences\Registry\Registry.xml"/></GroupPolicyExtension></GroupPolicyObject>
</GroupPolicyBackupScheme>