<BackupInst xmlns="http://www.microsoft.com/GroupPolicy/GPOOperations/Manifest"><GPOGuid><![CDATA[{8DB624B9-AEDC-4199-A055-9297285119F8}]]></GPOGuid><GPODomain><![CDATA[DRY.DEP]]></GPODomain><GPODomainGuid><![CDATA[{38050e6c-d063-415d-8ba2-58208273331d}]]></GPODomainGuid><GPODomainController><![CDATA[DC001-S5-D.DRY.DEP]]></GPODomainController><BackupTime><![CDATA[2021-10-09T11:27:59]]></BackupTime><ID><![CDATA[{42BFF714-D57C-41FF-AB4A-D5A25B85D303}]]></ID><Comment><![CDATA[]]></Comment><GPODisplayName><![CDATA[Domain - Windows Server Baseline - v0r6]]></GPODisplayName></BackupInst>
