<?xml version="1.0" encoding="utf-8"?><!-- Copyright (c) Microsoft Corporation.  All rights reserved. --><GroupPolicyBackupScheme bkp:version="2.0" bkp:type="GroupPolicyBackupTemplate" xmlns:bkp="http://www.microsoft.com/GroupPolicy/GPOOperations" xmlns="http://www.microsoft.com/GroupPolicy/GPOOperations">
    <GroupPolicyObject><SecurityGroups><Group><Sid/><SamAccountName><![CDATA[Administrators]]></SamAccountName><Type><![CDATA[Unknown]]></Type><NetBIOSDomainName/><DnsDomainName/><UPN/></Group><Group><Sid/><SamAccountName><![CDATA[Guests]]></SamAccountName><Type><![CDATA[Unknown]]></Type><NetBIOSDomainName/><DnsDomainName/><UPN/></Group><Group><Sid/><SamAccountName><![CDATA[Backup Operators]]></SamAccountName><Type><![CDATA[Unknown]]></Type><NetBIOSDomainName/><DnsDomainName/><UPN/></Group><Group><Sid/><SamAccountName><![CDATA[Windows Authorization Access Group]]></SamAccountName><Type><![CDATA[Unknown]]></Type><NetBIOSDomainName/><DnsDomainName/><UPN/></Group><Group><Sid/><SamAccountName><![CDATA[ENTERPRISE DOMAIN CONTROLLERS]]></SamAccountName><Type><![CDATA[Unknown]]></Type><NetBIOSDomainName/><DnsDomainName/><UPN/></Group><Group><Sid/><SamAccountName><![CDATA[Terminal Server License Servers]]></SamAccountName><Type><![CDATA[Unknown]]></Type><NetBIOSDomainName/><DnsDomainName/><UPN/></Group><Group><Sid/><SamAccountName><![CDATA[Replicator]]></SamAccountName><Type><![CDATA[Unknown]]></Type><NetBIOSDomainName/><DnsDomainName/><UPN/></Group><Group><Sid/><SamAccountName><![CDATA[Remote Management Users]]></SamAccountName><Type><![CDATA[Unknown]]></Type><NetBIOSDomainName/><DnsDomainName/><UPN/></Group><Group><Sid/><SamAccountName><![CDATA[Remote Desktop Users]]></SamAccountName><Type><![CDATA[Unknown]]></Type><NetBIOSDomainName/><DnsDomainName/><UPN/></Group><Group><Sid/><SamAccountName><![CDATA[Performance Monitor Users]]></SamAccountName><Type><![CDATA[Unknown]]></Type><NetBIOSDomainName/><DnsDomainName/><UPN/></Group><Group><Sid/><SamAccountName><![CDATA[Performance Log Users]]></SamAccountName><Type><![CDATA[Unknown]]></Type><NetBIOSDomainName/><DnsDomainName/><UPN/></Group><Group><Sid/><SamAccountName><![CDATA[Event Log Readers]]></SamAccountName><Type><![CDATA[Unknown]]></Type><NetBIOSDomainName/><DnsDomainName/><UPN/></Group><Group><Sid/><SamAccountName><![CDATA[Distributed COM Users]]></SamAccountName><Type><![CDATA[Unknown]]></Type><NetBIOSDomainName/><DnsDomainName/><UPN/></Group><Group><Sid/><SamAccountName><![CDATA[Cryptographic Operators]]></SamAccountName><Type><![CDATA[Unknown]]></Type><NetBIOSDomainName/><DnsDomainName/><UPN/></Group><Group><Sid/><SamAccountName><![CDATA[Certificate Service DCOM Access]]></SamAccountName><Type><![CDATA[Unknown]]></Type><NetBIOSDomainName/><DnsDomainName/><UPN/></Group><Group><Sid/><SamAccountName><![CDATA[Access Control Assistance Operators]]></SamAccountName><Type><![CDATA[Unknown]]></Type><NetBIOSDomainName/><DnsDomainName/><UPN/></Group><Group bkp:Source="FromDACL"><Sid><![CDATA[S-1-5-21-2752050557-4280068763-3724860923-519]]></Sid><SamAccountName><![CDATA[Enterprise Admins]]></SamAccountName><Type><![CDATA[UniversalGroup]]></Type><NetBIOSDomainName><![CDATA[DRY]]></NetBIOSDomainName><DnsDomainName><![CDATA[DRY.DEP]]></DnsDomainName><UPN><![CDATA[Enterprise Admins@DRY.DEP]]></UPN></Group><Group bkp:Source="FromDACL"><Sid><![CDATA[S-1-5-21-2752050557-4280068763-3724860923-512]]></Sid><SamAccountName><![CDATA[Domain Admins]]></SamAccountName><Type><![CDATA[GlobalGroup]]></Type><NetBIOSDomainName><![CDATA[DRY]]></NetBIOSDomainName><DnsDomainName><![CDATA[DRY.DEP]]></DnsDomainName><UPN><![CDATA[Domain Admins@DRY.DEP]]></UPN></Group><Group><Sid><![CDATA[S-1-5-21-2752050557-4280068763-3724860923-1347]]></Sid><SamAccountName><![CDATA[Right.DC.BuiltinGroup.AccessControlAssistanceOperators]]></SamAccountName><Type><![CDATA[GlobalGroup]]></Type><NetBIOSDomainName><![CDATA[DRY]]></NetBIOSDomainName><DnsDomainName><![CDATA[DRY.DEP]]></DnsDomainName><UPN><![CDATA[Right.DC.BuiltinGroup.AccessControlAssistanceOperators@DRY.DEP]]></UPN></Group><Group><Sid><![CDATA[S-1-5-21-2752050557-4280068763-3724860923-1348]]></Sid><SamAccountName><![CDATA[Right.DC.BuiltinGroup.BackupOperators]]></SamAccountName><Type><![CDATA[GlobalGroup]]></Type><NetBIOSDomainName><![CDATA[DRY]]></NetBIOSDomainName><DnsDomainName><![CDATA[DRY.DEP]]></DnsDomainName><UPN><![CDATA[Right.DC.BuiltinGroup.BackupOperators@DRY.DEP]]></UPN></Group><Group><Sid><![CDATA[S-1-5-21-2752050557-4280068763-3724860923-1349]]></Sid><SamAccountName><![CDATA[Right.DC.BuiltinGroup.CertificateServiceDCOMAccess]]></SamAccountName><Type><![CDATA[GlobalGroup]]></Type><NetBIOSDomainName><![CDATA[DRY]]></NetBIOSDomainName><DnsDomainName><![CDATA[DRY.DEP]]></DnsDomainName><UPN><![CDATA[Right.DC.BuiltinGroup.CertificateServiceDCOMAccess@DRY.DEP]]></UPN></Group><Group><Sid><![CDATA[S-1-5-21-2752050557-4280068763-3724860923-1350]]></Sid><SamAccountName><![CDATA[Right.DC.BuiltinGroup.CryptographicOperators]]></SamAccountName><Type><![CDATA[GlobalGroup]]></Type><NetBIOSDomainName><![CDATA[DRY]]></NetBIOSDomainName><DnsDomainName><![CDATA[DRY.DEP]]></DnsDomainName><UPN><![CDATA[Right.DC.BuiltinGroup.CryptographicOperators@DRY.DEP]]></UPN></Group><Group><Sid><![CDATA[S-1-5-21-2752050557-4280068763-3724860923-1351]]></Sid><SamAccountName><![CDATA[Right.DC.BuiltinGroup.DistributedCOMUsers]]></SamAccountName><Type><![CDATA[GlobalGroup]]></Type><NetBIOSDomainName><![CDATA[DRY]]></NetBIOSDomainName><DnsDomainName><![CDATA[DRY.DEP]]></DnsDomainName><UPN><![CDATA[Right.DC.BuiltinGroup.DistributedCOMUsers@DRY.DEP]]></UPN></Group><Group><Sid><![CDATA[S-1-5-21-2752050557-4280068763-3724860923-1352]]></Sid><SamAccountName><![CDATA[Right.DC.BuiltinGroup.EventLogReaders]]></SamAccountName><Type><![CDATA[GlobalGroup]]></Type><NetBIOSDomainName><![CDATA[DRY]]></NetBIOSDomainName><DnsDomainName><![CDATA[DRY.DEP]]></DnsDomainName><UPN><![CDATA[Right.DC.BuiltinGroup.EventLogReaders@DRY.DEP]]></UPN></Group><Group><Sid><![CDATA[S-1-5-21-2752050557-4280068763-3724860923-1353]]></Sid><SamAccountName><![CDATA[Right.DC.BuiltinGroup.PerformanceLogUsers]]></SamAccountName><Type><![CDATA[GlobalGroup]]></Type><NetBIOSDomainName><![CDATA[DRY]]></NetBIOSDomainName><DnsDomainName><![CDATA[DRY.DEP]]></DnsDomainName><UPN><![CDATA[Right.DC.BuiltinGroup.PerformanceLogUsers@DRY.DEP]]></UPN></Group><Group><Sid><![CDATA[S-1-5-21-2752050557-4280068763-3724860923-1354]]></Sid><SamAccountName><![CDATA[Right.DC.BuiltinGroup.PerformanceMonitorUsers]]></SamAccountName><Type><![CDATA[GlobalGroup]]></Type><NetBIOSDomainName><![CDATA[DRY]]></NetBIOSDomainName><DnsDomainName><![CDATA[DRY.DEP]]></DnsDomainName><UPN><![CDATA[Right.DC.BuiltinGroup.PerformanceMonitorUsers@DRY.DEP]]></UPN></Group><Group><Sid><![CDATA[S-1-5-21-2752050557-4280068763-3724860923-1355]]></Sid><SamAccountName><![CDATA[Right.DC.BuiltinGroup.RemoteDesktopUsers]]></SamAccountName><Type><![CDATA[GlobalGroup]]></Type><NetBIOSDomainName><![CDATA[DRY]]></NetBIOSDomainName><DnsDomainName><![CDATA[DRY.DEP]]></DnsDomainName><UPN><![CDATA[Right.DC.BuiltinGroup.RemoteDesktopUsers@DRY.DEP]]></UPN></Group><Group><Sid><![CDATA[S-1-5-21-2752050557-4280068763-3724860923-1356]]></Sid><SamAccountName><![CDATA[Right.DC.BuiltinGroup.RemoteManagementUsers]]></SamAccountName><Type><![CDATA[GlobalGroup]]></Type><NetBIOSDomainName><![CDATA[DRY]]></NetBIOSDomainName><DnsDomainName><![CDATA[DRY.DEP]]></DnsDomainName><UPN><![CDATA[Right.DC.BuiltinGroup.RemoteManagementUsers@DRY.DEP]]></UPN></Group><Group><Sid><![CDATA[S-1-5-21-2752050557-4280068763-3724860923-1357]]></Sid><SamAccountName><![CDATA[Right.DC.BuiltinGroup.Replicator]]></SamAccountName><Type><![CDATA[GlobalGroup]]></Type><NetBIOSDomainName><![CDATA[DRY]]></NetBIOSDomainName><DnsDomainName><![CDATA[DRY.DEP]]></DnsDomainName><UPN><![CDATA[Right.DC.BuiltinGroup.Replicator@DRY.DEP]]></UPN></Group><Group><Sid><![CDATA[S-1-5-21-2752050557-4280068763-3724860923-1358]]></Sid><SamAccountName><![CDATA[Right.DC.BuiltinGroup.TerminalServerLicenseServers]]></SamAccountName><Type><![CDATA[GlobalGroup]]></Type><NetBIOSDomainName><![CDATA[DRY]]></NetBIOSDomainName><DnsDomainName><![CDATA[DRY.DEP]]></DnsDomainName><UPN><![CDATA[Right.DC.BuiltinGroup.TerminalServerLicenseServers@DRY.DEP]]></UPN></Group><Group><Sid><![CDATA[S-1-5-21-2752050557-4280068763-3724860923-1359]]></Sid><SamAccountName><![CDATA[Right.DC.BuiltinGroup.WindowsAuthorizationAccessGroup]]></SamAccountName><Type><![CDATA[GlobalGroup]]></Type><NetBIOSDomainName><![CDATA[DRY]]></NetBIOSDomainName><DnsDomainName><![CDATA[DRY.DEP]]></DnsDomainName><UPN><![CDATA[Right.DC.BuiltinGroup.WindowsAuthorizationAccessGroup@DRY.DEP]]></UPN></Group><Group><Sid><![CDATA[S-1-5-21-2752050557-4280068763-3724860923-1360]]></Sid><SamAccountName><![CDATA[Right.DC.URA.SeShutdownPrivilege]]></SamAccountName><Type><![CDATA[LocalGroup]]></Type><NetBIOSDomainName><![CDATA[DRY]]></NetBIOSDomainName><DnsDomainName><![CDATA[DRY.DEP]]></DnsDomainName><UPN><![CDATA[Right.DC.URA.SeShutdownPrivilege@DRY.DEP]]></UPN></Group><Group><Sid><![CDATA[S-1-5-21-2752050557-4280068763-3724860923-1361]]></Sid><SamAccountName><![CDATA[Right.DC.URA.SeRemoteShutdownPrivilege]]></SamAccountName><Type><![CDATA[LocalGroup]]></Type><NetBIOSDomainName><![CDATA[DRY]]></NetBIOSDomainName><DnsDomainName><![CDATA[DRY.DEP]]></DnsDomainName><UPN><![CDATA[Right.DC.URA.SeRemoteShutdownPrivilege@DRY.DEP]]></UPN></Group><Group><Sid><![CDATA[S-1-5-21-2752050557-4280068763-3724860923-1362]]></Sid><SamAccountName><![CDATA[Right.DC.URA.SeIncreaseQuotaPrivilege]]></SamAccountName><Type><![CDATA[LocalGroup]]></Type><NetBIOSDomainName><![CDATA[DRY]]></NetBIOSDomainName><DnsDomainName><![CDATA[DRY.DEP]]></DnsDomainName><UPN><![CDATA[Right.DC.URA.SeIncreaseQuotaPrivilege@DRY.DEP]]></UPN></Group><Group><Sid><![CDATA[S-1-5-21-2752050557-4280068763-3724860923-1363]]></Sid><SamAccountName><![CDATA[Right.DC.URA.SeDelegateSessionUserImpersonatePrivilege]]></SamAccountName><Type><![CDATA[LocalGroup]]></Type><NetBIOSDomainName><![CDATA[DRY]]></NetBIOSDomainName><DnsDomainName><![CDATA[DRY.DEP]]></DnsDomainName><UPN><![CDATA[Right.DC.URA.SeDelegateSessionUserImpersonatePrivilege@DRY.DEP]]></UPN></Group><Group><Sid><![CDATA[S-1-5-21-2752050557-4280068763-3724860923-1364]]></Sid><SamAccountName><![CDATA[Right.DC.URA.SeRelabelPrivilege]]></SamAccountName><Type><![CDATA[LocalGroup]]></Type><NetBIOSDomainName><![CDATA[DRY]]></NetBIOSDomainName><DnsDomainName><![CDATA[DRY.DEP]]></DnsDomainName><UPN><![CDATA[Right.DC.URA.SeRelabelPrivilege@DRY.DEP]]></UPN></Group><Group><Sid><![CDATA[S-1-5-21-2752050557-4280068763-3724860923-1365]]></Sid><SamAccountName><![CDATA[Right.DC.URA.SeIncreaseWorkingSetPrivilege]]></SamAccountName><Type><![CDATA[LocalGroup]]></Type><NetBIOSDomainName><![CDATA[DRY]]></NetBIOSDomainName><DnsDomainName><![CDATA[DRY.DEP]]></DnsDomainName><UPN><![CDATA[Right.DC.URA.SeIncreaseWorkingSetPrivilege@DRY.DEP]]></UPN></Group><Group><Sid><![CDATA[S-1-5-21-2752050557-4280068763-3724860923-1366]]></Sid><SamAccountName><![CDATA[Right.DC.URA.SeAssignPrimaryTokenPrivilege]]></SamAccountName><Type><![CDATA[LocalGroup]]></Type><NetBIOSDomainName><![CDATA[DRY]]></NetBIOSDomainName><DnsDomainName><![CDATA[DRY.DEP]]></DnsDomainName><UPN><![CDATA[Right.DC.URA.SeAssignPrimaryTokenPrivilege@DRY.DEP]]></UPN></Group><Group><Sid><![CDATA[S-1-5-21-2752050557-4280068763-3724860923-1367]]></Sid><SamAccountName><![CDATA[Right.DC.URA.SeSystemProfilePrivilege]]></SamAccountName><Type><![CDATA[LocalGroup]]></Type><NetBIOSDomainName><![CDATA[DRY]]></NetBIOSDomainName><DnsDomainName><![CDATA[DRY.DEP]]></DnsDomainName><UPN><![CDATA[Right.DC.URA.SeSystemProfilePrivilege@DRY.DEP]]></UPN></Group></SecurityGroups><FilePaths/><GroupPolicyCoreSettings><ID><![CDATA[{FB4D6895-8C47-421C-A7EE-F8089FCC5FDD}]]></ID><Domain><![CDATA[DRY.DEP]]></Domain><SecurityDescriptor>01 00 04 9c 00 00 00 00 00 00 00 00 00 00 00 00 14 00 00 00 04 00 ec 00 08 00 00 00 05 02 28 00 00 01 00 00 01 00 00 00 8f fd ac ed b3 ff d1 11 b4 1d 00 a0 c9 68 f9 39 01 01 00 00 00 00 00 05 0b 00 00 00 00 00 24 00 ff 00 0f 00 01 05 00 00 00 00 00 05 15 00 00 00 7d f5 08 a4 9b aa 1c ff fb dd 04 de 00 02 00 00 00 02 24 00 ff 00 0f 00 01 05 00 00 00 00 00 05 15 00 00 00 7d f5 08 a4 9b aa 1c ff fb dd 04 de 00 02 00 00 00 02 24 00 ff 00 0f 00 01 05 00 00 00 00 00 05 15 00 00 00 7d f5 08 a4 9b aa 1c ff fb dd 04 de 07 02 00 00 00 02 14 00 94 00 02 00 01 01 00 00 00 00 00 05 09 00 00 00 00 02 14 00 94 00 02 00 01 01 00 00 00 00 00 05 0b 00 00 00 00 02 14 00 ff 00 0f 00 01 01 00 00 00 00 00 05 12 00 00 00 00 0a 14 00 ff 00 0f 00 01 01 00 00 00 00 00 03 00 00 00 00</SecurityDescriptor><DisplayName><![CDATA[DC - Role - v0r8]]></DisplayName><Options><![CDATA[1]]></Options><UserVersionNumber><![CDATA[0]]></UserVersionNumber><MachineVersionNumber><![CDATA[196611]]></MachineVersionNumber><MachineExtensionGuids><![CDATA[[{00000000-0000-0000-0000-000000000000}{3EC4E9D3-714D-471F-88DC-4DD4471AAB47}{CAB54552-DEEA-4691-817E-ED4A4D1AFC72}][{35378EAC-683F-11D2-A89A-00C04FBBCFA2}{B05566AC-FE9C-4368-BE01-7A4CBB6CBA11}][{6232C319-91AC-4931-9385-E70C2B099F0E}{3EC4E9D3-714D-471F-88DC-4DD4471AAB47}][{827D319E-6EAC-11D2-A4EA-00C04F79F83A}{803E14A0-B4FB-11D0-A0D0-00A0C90F574B}][{AADCED64-746C-4633-A97C-D61349046527}{CAB54552-DEEA-4691-817E-ED4A4D1AFC72}]]]></MachineExtensionGuids><UserExtensionGuids/><WMIFilter/></GroupPolicyCoreSettings> 
        <GroupPolicyExtension bkp:ID="{35378EAC-683F-11D2-A89A-00C04FBBCFA2}" bkp:DescName="Registry">
            <FSObjectFile bkp:Path="%GPO_MACH_FSPATH%\registry.pol" bkp:SourceExpandedPath="\\DC001-S5-D.DRY.DEP\sysvol\DRY.DEP\Policies\{FB4D6895-8C47-421C-A7EE-F8089FCC5FDD}\Machine\registry.pol" bkp:Location="DomainSysvol\GPO\Machine\registry.pol"/>
            
            <FSObjectFile bkp:Path="%GPO_FSPATH%\Adm\*.*" bkp:SourceExpandedPath="\\DC001-S5-D.DRY.DEP\sysvol\DRY.DEP\Policies\{FB4D6895-8C47-421C-A7EE-F8089FCC5FDD}\Adm\*.*"/>
        </GroupPolicyExtension>
        
        
        
        
        <GroupPolicyExtension bkp:ID="{827D319E-6EAC-11D2-A4EA-00C04F79F83A}" bkp:DescName="Security">
            <FSObjectFile bkp:Path="%GPO_MACH_FSPATH%\microsoft\windows nt\SecEdit\GptTmpl.inf" bkp:SourceExpandedPath="\\DC001-S5-D.DRY.DEP\sysvol\DRY.DEP\Policies\{FB4D6895-8C47-421C-A7EE-F8089FCC5FDD}\Machine\microsoft\windows nt\SecEdit\GptTmpl.inf" bkp:ReEvaluateFunction="SecurityValidateSettings" bkp:Location="DomainSysvol\GPO\Machine\microsoft\windows nt\SecEdit\GptTmpl.inf"/>
        </GroupPolicyExtension>
        
        
        
        
    <GroupPolicyExtension bkp:ID="{F15C46CD-82A0-4C2D-A210-5D0D3182A418}" bkp:DescName="Unknown Extension"><FSObjectDir bkp:Path="%GPO_MACH_FSPATH%\Microsoft" bkp:SourceExpandedPath="\\DC001-S5-D.DRY.DEP\sysvol\DRY.DEP\Policies\{FB4D6895-8C47-421C-A7EE-F8089FCC5FDD}\Machine\Microsoft" bkp:Location="DomainSysvol\GPO\Machine\Microsoft"/><FSObjectDir bkp:Path="%GPO_MACH_FSPATH%\Microsoft\Windows NT" bkp:SourceExpandedPath="\\DC001-S5-D.DRY.DEP\sysvol\DRY.DEP\Policies\{FB4D6895-8C47-421C-A7EE-F8089FCC5FDD}\Machine\Microsoft\Windows NT" bkp:Location="DomainSysvol\GPO\Machine\Microsoft\Windows NT"/><FSObjectDir bkp:Path="%GPO_MACH_FSPATH%\Microsoft\Windows NT\SecEdit" bkp:SourceExpandedPath="\\DC001-S5-D.DRY.DEP\sysvol\DRY.DEP\Policies\{FB4D6895-8C47-421C-A7EE-F8089FCC5FDD}\Machine\Microsoft\Windows NT\SecEdit" bkp:Location="DomainSysvol\GPO\Machine\Microsoft\Windows NT\SecEdit"/><FSObjectDir bkp:Path="%GPO_MACH_FSPATH%\Preferences" bkp:SourceExpandedPath="\\DC001-S5-D.DRY.DEP\sysvol\DRY.DEP\Policies\{FB4D6895-8C47-421C-A7EE-F8089FCC5FDD}\Machine\Preferences" bkp:Location="DomainSysvol\GPO\Machine\Preferences"/><FSObjectDir bkp:Path="%GPO_MACH_FSPATH%\Preferences\Folders" bkp:SourceExpandedPath="\\DC001-S5-D.DRY.DEP\sysvol\DRY.DEP\Policies\{FB4D6895-8C47-421C-A7EE-F8089FCC5FDD}\Machine\Preferences\Folders" bkp:Location="DomainSysvol\GPO\Machine\Preferences\Folders"/><FSObjectFile bkp:Path="%GPO_MACH_FSPATH%\Preferences\Folders\Folders.xml" bkp:SourceExpandedPath="\\DC001-S5-D.DRY.DEP\sysvol\DRY.DEP\Policies\{FB4D6895-8C47-421C-A7EE-F8089FCC5FDD}\Machine\Preferences\Folders\Folders.xml" bkp:Location="DomainSysvol\GPO\Machine\Preferences\Folders\Folders.xml"/><FSObjectDir bkp:Path="%GPO_MACH_FSPATH%\Preferences\ScheduledTasks" bkp:SourceExpandedPath="\\DC001-S5-D.DRY.DEP\sysvol\DRY.DEP\Policies\{FB4D6895-8C47-421C-A7EE-F8089FCC5FDD}\Machine\Preferences\ScheduledTasks" bkp:Location="DomainSysvol\GPO\Machine\Preferences\ScheduledTasks"/><FSObjectFile bkp:Path="%GPO_MACH_FSPATH%\Preferences\ScheduledTasks\ScheduledTasks.xml" bkp:SourceExpandedPath="\\DC001-S5-D.DRY.DEP\sysvol\DRY.DEP\Policies\{FB4D6895-8C47-421C-A7EE-F8089FCC5FDD}\Machine\Preferences\ScheduledTasks\ScheduledTasks.xml" bkp:Location="DomainSysvol\GPO\Machine\Preferences\ScheduledTasks\ScheduledTasks.xml"/><FSObjectDir bkp:Path="%GPO_MACH_FSPATH%\Preferences\Shortcuts" bkp:SourceExpandedPath="\\DC001-S5-D.DRY.DEP\sysvol\DRY.DEP\Policies\{FB4D6895-8C47-421C-A7EE-F8089FCC5FDD}\Machine\Preferences\Shortcuts" bkp:Location="DomainSysvol\GPO\Machine\Preferences\Shortcuts"/><FSObjectDir bkp:Path="%GPO_MACH_FSPATH%\Scripts" bkp:SourceExpandedPath="\\DC001-S5-D.DRY.DEP\sysvol\DRY.DEP\Policies\{FB4D6895-8C47-421C-A7EE-F8089FCC5FDD}\Machine\Scripts" bkp:Location="DomainSysvol\GPO\Machine\Scripts"/><FSObjectFile bkp:Path="%GPO_MACH_FSPATH%\Scripts\psscripts.ini" bkp:SourceExpandedPath="\\DC001-S5-D.DRY.DEP\sysvol\DRY.DEP\Policies\{FB4D6895-8C47-421C-A7EE-F8089FCC5FDD}\Machine\Scripts\psscripts.ini" bkp:Location="DomainSysvol\GPO\Machine\Scripts\psscripts.ini"/><FSObjectFile bkp:Path="%GPO_MACH_FSPATH%\Scripts\scripts.ini" bkp:SourceExpandedPath="\\DC001-S5-D.DRY.DEP\sysvol\DRY.DEP\Policies\{FB4D6895-8C47-421C-A7EE-F8089FCC5FDD}\Machine\Scripts\scripts.ini" bkp:Location="DomainSysvol\GPO\Machine\Scripts\scripts.ini"/><FSObjectDir bkp:Path="%GPO_USER_FSPATH%\Scripts" bkp:SourceExpandedPath="\\DC001-S5-D.DRY.DEP\sysvol\DRY.DEP\Policies\{FB4D6895-8C47-421C-A7EE-F8089FCC5FDD}\User\Scripts" bkp:Location="DomainSysvol\GPO\User\Scripts"/><FSObjectFile bkp:Path="%GPO_USER_FSPATH%\Scripts\psscripts.ini" bkp:SourceExpandedPath="\\DC001-S5-D.DRY.DEP\sysvol\DRY.DEP\Policies\{FB4D6895-8C47-421C-A7EE-F8089FCC5FDD}\User\Scripts\psscripts.ini" bkp:Location="DomainSysvol\GPO\User\Scripts\psscripts.ini"/><FSObjectFile bkp:Path="%GPO_USER_FSPATH%\Scripts\scripts.ini" bkp:SourceExpandedPath="\\DC001-S5-D.DRY.DEP\sysvol\DRY.DEP\Policies\{FB4D6895-8C47-421C-A7EE-F8089FCC5FDD}\User\Scripts\scripts.ini" bkp:Location="DomainSysvol\GPO\User\Scripts\scripts.ini"/></GroupPolicyExtension></GroupPolicyObject>
</GroupPolicyBackupScheme>