<BackupInst xmlns="http://www.microsoft.com/GroupPolicy/GPOOperations/Manifest"><GPOGuid><![CDATA[{FB4D6895-8C47-421C-A7EE-F8089FCC5FDD}]]></GPOGuid><GPODomain><![CDATA[DRY.DEP]]></GPODomain><GPODomainGuid><![CDATA[{38050e6c-d063-415d-8ba2-58208273331d}]]></GPODomainGuid><GPODomainController><![CDATA[DC001-S5-D.DRY.DEP]]></GPODomainController><BackupTime><![CDATA[2021-10-09T11:27:04]]></BackupTime><ID><![CDATA[{2AD53BEC-9CFD-4695-928D-A2AC9C30863F}]]></ID><Comment><![CDATA[]]></Comment><GPODisplayName><![CDATA[DC - Role - v0r8]]></GPODisplayName></BackupInst>
