{ 
	"gpo_imports": [		
		{
			"name": "Domain - Domain Policy - v0r2",
			"targetname": "###DomainNB### - Domain Policy - v0r2",
			"type": "backup",
			"scope": "domain"
		},
		{
			"name": "DC - Role - Deployment Exceptions - v1r0",
			"type": "backup",
			"scope": "domain"
		},
		{
			"name": "DC - Role - v0r8",
			"targetname": "DC - Role - v0r8",
			"type": "backup",
			"scope": "domain"
		},
		{
			"name": "Domain - Windows 2019 Desktop - OSConfig - v0r2",
			"targetname": "###DomainNB### - Windows 2019 Desktop - OSConfig - v0r2",
			"type": "backup",
			"scope": "domain"
		},
		{
			"name": "Domain - Windows 2019 Core - OSConfig - v0r2",
			"targetname": "###DomainNB### - Windows 2019 Core - OSConfig - v0r2",
			"type": "backup",
			"scope": "domain"
		},
		
		{
			"name": "Schannel Hardening - v0r4",
			"targetname": "Schannel Hardening - v0r4",
			"type": "backup",
			"scope": "domain"
		},
		{
			"name": "Domain - Windows Server Baseline - v0r6",
			"targetname": "###DomainNB### - Windows Server Baseline - v0r6",
			"type": "backup",
			"scope": "domain"
		}
	],
	"gpo_links": [
		{
			"alias":  "DomainRoot",
            "scope": "domain",
			"description": "GPOLinks at the root of domain",
			"gplinks": [
				{
					"name": "###DomainNB### - Domain Policy - v0r2",
					"order": 1
				},
				{
					"name": "Default Domain Policy",
					"order": 2
				}
			]
		},
		{
			"alias":  "DomainControllers",
            "scope": "domain",
			"description": "GPOs linked at Domain Controllers node",
			"gplinks": [
				{
					"name": "DC - Role - Deployment Exceptions - v1r0",
					"order": 1
				},
				{
					"name": "DC - Role - v0r8",
					"order": 2
				},
				{
					"name": "Schannel Hardening - v0r4",
					"order": 3,
					"enforced": false
				},
				{
					"name": "###DomainNB### - Windows Server Baseline - v0r6",
					"order": 4,
					"enforced": false
				}
			]
		},
		{
			"alias":  "Computer-Servers-Win",
            "scope": "domain",
			"description": "GPOs linked at the Windows Server root OU",
			"gplinks": [
				{
					"name": "###DomainNB### - Windows Server Baseline - v0r6",
					"order": 1,
					"enforced": true
				},	
				{
					"name": "Schannel Hardening - v0r4",
					"order": 2,
					"enforced": false
				}
			]
		},
		{
			"alias":  "Computer-Servers-Win-Desktop",
            "scope": "domain",
			"description": "GPOs linked at Server Desktop OU",
			"gplinks": [	
				{
					"name": "###DomainNB### - Windows 2019 Desktop - OSConfig - v0r2",
					"order": 1
				}
			]
		},
		{
			"alias":  "Computer-Servers-Win-Core",
            "scope": "domain",
			"description": "GPOs linked at Server Core OU",
			"gplinks": [	
				{
					"name": "###DomainNB### - Windows 2019 Core - OSConfig - v0r2",
					"order": 1
				}
			]
		}
	],
	"wmi_filters": [
		{
			"name": "Windows 10",
			"description": "Windows 10",
			"scope": "domain",
			"queries": [
				"Select * from Win32_OperatingSystem WHERE Version LIKE \"10.0.%\" and ProductType = \"1\""
			]
		},
		{
			"name": "Windows Server 2019",
			"description": "Windows Server 2019",
			"scope": "domain",
			"queries": [
				"Select * from Win32_OperatingSystem WHERE Version LIKE \"10.0%\" AND (ProductType = \"2\" or ProductType = \"3\")",
				"Select * from Win32_OperatingSystem WHERE Caption LIKE \"%2019%\""
			]
		},
		{
			"name": "Windows Server 2019 Domain Member (###DomainFQDN###)",
			"description": "Windows Server 2019 Domain Member (###DomainFQDN###)",
			"scope": "domain",
			"queries": [
				"Select * from Win32_OperatingSystem WHERE Version LIKE \"10.0%\" AND ProductType = \"3\"",
				"Select * from Win32_OperatingSystem WHERE Caption LIKE \"%2019%\""
			]
		},
		{
			"name": "Windows Server 2019 Domain Controller",
			"description": "Windows Server 2019 Domain Controller",
			"scope": "domain",
			"queries": [
				"Select * from Win32_OperatingSystem WHERE Version LIKE \"10.0%\" AND ProductType = \"2\"",
				"Select * from Win32_OperatingSystem WHERE Caption LIKE \"%2019%\""
			]
		},
		{
			"name": "Windows Server 2016",
			"description": "Windows Server 2016",
			"scope": "domain",
			"queries": [
				"Select * from Win32_OperatingSystem WHERE Version LIKE \"10.0%\" AND (ProductType = \"2\" or ProductType = \"3\")",
				"Select * from Win32_OperatingSystem WHERE Caption LIKE \"%2016%\""
			]
		},
		{
			"name": "Windows Server 2016 Domain Member",
			"description": "Windows Server 2016 Domain Member",
			"scope": "domain",
			"queries": [
				"Select * from Win32_OperatingSystem WHERE Version LIKE \"10.0%\" AND ProductType = \"3\"",
				"Select * from Win32_OperatingSystem WHERE Caption LIKE \"%2016%\""
			]
		},
		{
			"name": "Windows Server 2016 Domain Controller",
			"description": "Windows Server 2016 Domain Controller",
			"scope": "domain",
			"queries": [
				"Select * from Win32_OperatingSystem WHERE Version LIKE \"10.0%\" AND ProductType = \"2\"",
				"Select * from Win32_OperatingSystem WHERE Caption LIKE \"%2016%\""
			]
		},
		{
			"name": "Windows Server 2012 R2",
			"description": "Windows Server 2012 R2",
			"scope": "domain",
			"queries": [
				"Select * from Win32_OperatingSystem WHERE Version LIKE \"6.3.%\" AND (ProductType = \"2\" or ProductType = \"3\")"
			]
		},
		{
			"name": "Microsoft Office Access 2016",
			"description": "Access 2016",
			"scope": "domain",
			"queries": [
				"SELECT Name,Version FROM CIM_Datafile WHERE (Name = 'C:\\\\Program Files (x86)\\\\Microsoft Office\\\\Office16\\\\msaccess.exe' AND Version LIKE \"16.%\") OR (Name = 'C:\\\\Program Files\\\\Microsoft Office\\\\Office16\\\\msaccess.exe' AND Version LIKE \"16.%\")"
			]
		},
		{
			"name": "Microsoft Office Excel 2016",
			"description": "Microsoft Office Excel 2016",
			"scope": "domain",
			"queries": [
				"SELECT Name,Version FROM CIM_Datafile WHERE (Name = 'C:\\\\Program Files (x86)\\\\Microsoft Office\\\\Office16\\\\excel.exe' AND Version LIKE \"16.%\") OR (Name = 'C:\\\\Program Files\\\\Microsoft Office\\\\Office16\\\\excel.exe' AND Version LIKE \"16.%\")"
			]
		},
		{
			"name": "Microsoft Office 2016",
			"description": "Microsoft Office 2016",
			"scope": "domain",
			"queries": [
				"SELECT Name,Version FROM CIM_Datafile WHERE (Name = 'C:\\\\Program Files (x86)\\\\Microsoft Office\\\\Office 16\\\\clview.exe' AND Version LIKE \"16.%\") OR (Name = 'C:\\\\Program Files\\\\Microsoft Office\\\\Office 16\\\\clview.exe' AND Version LIKE \"16.%\")"
			]
		},
		{
			"name": "Microsoft Office OneDrive for Business 2016",
			"description": "Microsoft Office OneDrive for Business 2016",
			"scope": "domain",
			"queries": [
				"SELECT Name,Version FROM CIM_Datafile WHERE (Name = 'C:\\\\Program Files (x86)\\\\Microsoft Office\\\\Office16\\\\groove.exe' AND Version LIKE \"16.%\") OR (Name = 'C:\\\\Program Files\\\\Microsoft Office\\\\Office16\\\\groove.exe' AND Version LIKE \"16.%\")"
			]
		},
		{
			"name": "Microsoft Office Outlook 2016",
			"description": "Microsoft Office Outlook 2016",
			"scope": "domain",
			"queries": [
				"SELECT Name,Version FROM CIM_Datafile WHERE (Name = 'C:\\\\Program Files (x86)\\\\Microsoft Office\\\\Office16\\\\outlook.exe' AND Version LIKE \"16.%\") OR (Name = 'C:\\\\Program Files\\\\Microsoft Office\\\\Office16\\\\outlook.exe' AND Version LIKE \"16.%\")"
			]
		},
		{
			"name": "Microsoft Office PowerPoint 2016",
			"description": "Microsoft Office PowerPoint 2016",
			"scope": "domain",
			"queries": [
				"SELECT Name,Version FROM CIM_Datafile WHERE (Name = 'C:\\\\Program Files (x86)\\\\Microsoft Office\\\\Office16\\\\powerpnt.exe' AND Version LIKE \"16.%\") OR (Name = 'C:\\\\Program Files\\\\Microsoft Office\\\\Office16\\\\powerpnt.exe' AND Version LIKE \"16.%\")"
			]
		},
		{
			"name": "Microsoft Office Project 2016",
			"description": "Microsoft Office Project 2016",
			"scope": "domain",
			"queries": [
				"SELECT Name,Version FROM CIM_Datafile WHERE (Name = 'C:\\\\Program Files (x86)\\\\Microsoft Office\\\\Office16\\\\winproj.exe' AND Version LIKE \"16.%\") OR (Name = 'C:\\\\Program Files\\\\Microsoft Office\\\\Office16\\\\winproj.exe' AND Version LIKE \"16.%\")"
			]
		},
		{
			"name": "Microsoft Office Publisher 2016",
			"description": "Microsoft Office Publisher 2016",
			"scope": "domain",
			"queries": [
				"SELECT Name,Version FROM CIM_Datafile WHERE (Name = 'C:\\\\Program Files (x86)\\\\Microsoft Office\\\\Office16\\\\mspub.exe' AND Version LIKE \"16.%\") OR (Name = 'C:\\\\Program Files\\\\Microsoft Office\\\\Office16\\\\mspub.exe' AND Version LIKE \"16.%\")"
			]
		},
		{
			"name": "Microsoft Office Skype for Business 2016",
			"description": "Microsoft Office Skype for Business 2016",
			"scope": "domain",
			"queries": [
				"SELECT Name,Version FROM CIM_Datafile WHERE (Name = 'C:\\\\Program Files (x86)\\\\Microsoft Office\\\\Office16\\\\lync.exe' AND Version LIKE \"16.%\") OR (Name = 'C:\\\\Program Files\\\\Microsoft Office\\\\Office16\\\\lync.exe' AND Version LIKE \"16.%\")"
			]
		},
		{
			"name": "Microsoft Office Visio 2016",
			"description": "Microsoft Office Visio 2016",
			"scope": "domain",
			"queries": [
				"SELECT Name,Version FROM CIM_Datafile WHERE (Name = 'C:\\\\Program Files (x86)\\\\Microsoft Office\\\\Office16\\\\visio.exe' AND Version LIKE \"16.%\") OR (Name = 'C:\\\\Program Files\\\\Microsoft Office\\\\Office16\\\\visio.exe' AND Version LIKE \"16.%\")"
			]
		},
		{
			"name": "Microsoft Office Word 2016",
			"description": "Microsoft Office Word 2016",
			"scope": "domain",
			"queries": [
				"SELECT Name,Version FROM CIM_Datafile WHERE (Name = 'C:\\\\Program Files (x86)\\\\Microsoft Office\\\\Office16\\\\winword.exe' AND Version LIKE \"16.%\") OR (Name = 'C:\\\\Program Files\\\\Microsoft Office\\\\Office16\\\\winword.exe' AND Version LIKE \"16.%\")"
			]
		},
		{
			"name": "Computers in site ###ADSite###",
			"description": "Computers in site ###ADSite###",
			"scope": "site",
			"queries": [
				"Select * from Win32_NTDomain where DomainName = \"###DomainFQDN###\" AND ClientSiteName = \"###ADSite###\""
			]
		}
	]
}


