{	
	"ou_schema": 
	[		
		{
			"alias": "DomainRoot",
			"scope": [ "domain" ],
			"description": "Root of domain",
			"paths": {
				"domain": ""
			}
		},

		{
			"alias": "DomainControllers",
			"scope": [ "domain" ],
			"description": "Domain Controllers OU",
			"paths": {
				"domain": "Domain Controllers"
			}	
		},
		
	
		{
			"alias": "Computer-Servers",
			"scope": [ "domain" ],
			"description": "Root OU for Server Computer Objects",
			"paths": {
				"domain": "###org###/Servers" 
			}
		},
		{
			"alias": "Computer-Servers-Win",
			"scope": [ "domain" ],
			"description": "Root OU for Server Computer Objects",
			"paths": {
				"domain": "###org###/Servers/Win" 
			}
		},

		{
			"alias": "Computer-Servers-Win-Desktop",
			"scope": [ "domain" ],
			"description": "OU for Windows Server Desktop Computer Objects",
			"paths": {
				"domain": "###org###/Servers/Win/Desktop" 
			}
		},

		{
			"alias": "Computer-Servers-Win-Core",
			"scope": [ "domain" ],
			"description": "OU for Windows Server Core Computer Objects",
			"paths": {
				"domain": "###org###/Servers/Win/Core" 
			}
		},

		{
			"alias": "Computer-Servers-Lin",
			"scope": [ "domain" ],
			"description": "OU for Linux Server Computer Objects",
			"paths": {
				"domain": "###org###/Servers/Lin" 
			}
		},

		{
			"alias": "Computer-Workstations",
			"scope": [ "domain" ],
			"description": "Root OU for Server Computer Objects",
			"paths": {
				"domain": "###org###/Workstations" 
			}
			
		},

		{
			"alias": "Computer-Workstations-Win",
			"scope": [ "domain" ],
			"description": "Root OU for Server Computer Objects",
			"paths": {
				"domain": "###org###/Workstations/Win" 
			}
			
		},
		

		{
			"alias": "Roles-Root",
			"scope": [ "domain" ],
			"description": "Root OU for Role groups",
			"paths": {
				"domain":"###org###/Roles"
			}
			
		},
	
		{
			"alias": "Roles-OS",
			"scope": [ "domain", "site", "computer" ],
			"description": "OU for OS Roles of role '###Role###'",
			"parents": 
			[
				{
					"alias": "Roles-Root",
					"scope": "domain",
					"parentscope": "domain",
					"child": "###Role###/OS"
				},

				{
					"alias": "Roles-Root",
					"scope": "site",
					"parentscope": "domain",
					"child": "###Role###/OS/###ADSite###"
				},

				{
					"alias": "Roles-Root",
					"scope": "computer",
					"parentscope": "domain",
					"child": "###Role###/OS/###ADSite###/###ComputerName###"
				}
			]	
		},


		{
			"alias": "Roles-SVC",
			"scope": [ "domain", "site", "computer" ],
			"description": "OU for Service Roles of role '###Role###'",
			"parents": 
			[
				{
					"alias": "Roles-Root",
					"scope": "domain",
					"parentscope": "domain",
					"child": "###Role###/SVC"
				},

				{
					"alias": "Roles-Root",
					"scope": "site",
					"parentscope": "domain",
					"child": "###Role###/SVC/###ADSite###"
				},

				{
					"alias": "Roles-Root",
					"scope": "computer",
					"parentscope": "domain",
					"child": "###Role###/SVC/###ADSite###/###ComputerName###"
				}
			]	
		},

 
		{
			"alias": "Roles-Protected",
			"scope": [ "domain" ],
			"description": "OU for Protected Role groups (groups with AdminCount=1)",
			"parents": 
			[
				{
					"alias": "Roles-Root",
					"scope": "domain",
					"parentscope": "domain",
					"child": "Protected"
				}
			]	
		},


		{
			"alias": "Rights-Root",
			"scope": [ "domain" ],
			"description": "Root OU for Rights groups",
			"paths": {
				"domain":"###org###/Rights"
			}
			
		},
		
		{
			"alias": "Rights-OS",
			"scope": [ "domain", "site", "computer" ],
			"description": "OU for OS Rights of role '###Role###'",
			"parents": 
			[
				{
					"alias": "Rights-Root",
					"scope": "domain",
					"parentscope": "domain",
					"child": "###Role###/OS"
				},

				{
					"alias": "Rights-Root",
					"scope": "site",
					"parentscope": "domain",
					"child": "###Role###/OS/###ADSite###"
				},

				{
					"alias": "Rights-Root",
					"scope": "computer",
					"parentscope": "domain",
					"child": "###Role###/OS/###ADSite###/###ComputerName###"
				}
			]	
		},

		{
			"alias": "Rights-SVC",
			"scope": [ "domain", "site", "computer" ],
			"description": "OU for Service Rights of role '###Role###'",
			"parents": 
			[
				{
					"alias": "Rights-Root",
					"scope": "domain",
					"parentscope": "domain",
					"child": "###Role###/SVC"
				},

				{
					"alias": "Rights-Root",
					"scope": "site",
					"parentscope": "domain",
					"child": "###Role###/SVC/###ADSite###"
				},

				{
					"alias": "Rights-Root",
					"scope": "computer",
					"parentscope": "domain",
					"child": "###Role###/SVC/###ADSite###/###ComputerName###"
				}
			]	
		},

		{
			"alias": "Rights-Protected",
			"scope": [ "domain" ],
			"description": "OU for Protected Rights groups (groups with AdminCount=1)",
			"parents": 
			[
				{
					"alias": "Rights-Root",
					"scope": "domain",
					"parentscope": "domain",
					"child": "Protected"
				}
			]	
		},

	
		{
			"alias": "Groups-EndUser",
			"scope": [ "domain" ],
			"description": "End user groups OU",
			"paths": {
				"domain": "###org###/EndUserGroups"
			} 	
		},

		{
			"alias": "Groups-EndUser-AppGroups",
			"scope": [ "domain" ],
			"description": "End user group giving install right to an application",
			"paths": {
				"domain": "###org###/EndUserGroups/ApplicationGroups"
			} 	
		},
		
		{
			"alias": "Groups-EndUser-DepartmentGroups",
			"scope": [ "domain" ],
			"description": "End user groups of the organizational structure",
			"paths": {
				"domain": "###org###/EndUserGroups/DepartmentGroups"
			} 	
		},

		{
			"alias": "Groups-EndUser-DistributionGroups",
			"scope": [ "domain" ],
			"description": "Mail enabled distribution groups",
			"paths": {
				"domain": "###org###/EndUserGroups/DistributionGroups"
			} 	
		},

		{
			"alias": "Groups-EndUser-CooperationGroups",
			"scope": [ "domain" ],
			"description": "End user cooperation groups. For cooperations across and beyond department or project groups",
			"paths": {
				"domain": "###org###/EndUserGroups/CooperationGroups"
			} 	
		},

		{
			"alias": "Groups-EndUser-ProjectGroups",
			"scope": [ "domain" ],
			"description": "End user Project groups",
			"paths": {
				"domain": "###org###/EndUserGroups/ProjectGroups"
			} 	
		},

	
		{
			"alias": "Users",
			"scope": [ "domain" ],
			"description": "User objects of any type",
			"paths": {
				"domain": "###org###/Users"
			}
		},
		{
			"alias": "Users-EndUsers",
			"scope": [ "domain" ],
			"description": "End user objects",
			"paths": {
				"domain": "###org###/Users/EndUsers"
			}
		},
		{
			"alias": "Users-AdmUsers",
			"scope": [ "domain" ],
			"description": "Adm user objects",
			"paths": {
				"domain": "###org###/Users/AdmUsers"
			}
		},
		{
			"alias": "Users-SvcUsers",
			"scope": [ "domain" ],
			"description": "Svc user objects",
			"paths": {
				"domain": "###org###/Users/SvcUsers"
			}	
		},
		{
			"alias": "Users-DeployUsers",
			"scope": [ "domain" ],
			"description": "Deployment user objects",
			"paths": {
				"domain": "###org###/Users/DeployUsers"
			}	
		},
		{
			"alias": "Users-MsaUsers",
			"scope": [ "domain" ],
			"description": "Managed Service Accounts",
			"paths": {
				"domain": "###org###/Users/MsaUsers"
			}
		}

	]
}