{ 
	"rights_groups": [
		{
			"groupname": "Right.DC.BuiltinGroup.AccessControlAssistanceOperators",
			"alias": "Rights-OS",
			"scope": ["domain"],
			"groupdescription": "Right DC: Member of local group 'Access Control Assistance Operators'",
			"grouptype": "global"
		},
		
		{
			"groupname": "Right.DC.BuiltinGroup.BackupOperators",
			"alias": "Rights-OS",
			"scope": [ "domain" ],
			"groupdescription": "Right DC: Member of local group 'Backup Operators'",
			"grouptype": "global"
		},

		{
			"groupname": "Right.DC.BuiltinGroup.CertificateServiceDCOMAccess",
			"alias": "Rights-OS",
			"scope": [ "domain" ],
			"groupdescription": "Right DC: Member of local group 'CertificateServiceDCOMAccess'",
			"grouptype": "global"
		},

		{
			"groupname": "Right.DC.BuiltinGroup.CryptographicOperators",
			"alias": "Rights-OS",
			"scope": [ "domain" ],
			"groupdescription": "Right DC: Member of local group 'Cryptographic Operators'",
			"grouptype": "global"
		},

		{
			"groupname": "Right.DC.BuiltinGroup.DistributedCOMUsers",
			"alias": "Rights-OS",
			"scope": [ "domain" ],
			"groupdescription": "Right DC: Member of local group 'Distributed COM Users'",
			"grouptype": "global"
		},

		{
			"groupname": "Right.DC.BuiltinGroup.EventLogReaders",
			"alias": "Rights-OS",
			"scope": [ "domain" ],
			"groupdescription": "Right DC: Member of local group 'Event Log Readers'",
			"grouptype": "global"
		},

	
		{
			"groupname": "Right.DC.BuiltinGroup.PerformanceLogUsers",
			"alias": "Rights-OS",
			"scope": [ "domain" ],
			"groupdescription": "Right DC: Member of local group 'Performance Log Users'",
			"grouptype": "global"
		},

		{
			"groupname": "Right.DC.BuiltinGroup.PerformanceMonitorUsers",
			"alias": "Rights-OS",
			"scope": [ "domain" ],
			"groupdescription": "Right DC: Member of local group 'Performance Monitor Users'",
			"grouptype": "global"
		},

		{
			"groupname": "Right.DC.BuiltinGroup.RemoteDesktopUsers",
			"alias": "Rights-OS",
			"scope": [ "domain" ],
			"groupdescription": "Right DC: Member of local group 'Remote Desktop Users'",
			"grouptype": "global"
		},

		{
			"groupname": "Right.DC.BuiltinGroup.RemoteManagementUsers",
			"alias": "Rights-OS",
			"scope": [ "domain" ],
			"groupdescription": "Right DC: Member of local group 'Remote Management Users'",
			"grouptype": "global"
		},
		
		{
			"groupname": "Right.DC.BuiltinGroup.Replicator",
			"alias": "Rights-OS",
			"scope": [ "domain" ],
			"groupdescription": "Right DC: Member of local group 'Replicator'",
			"grouptype": "global"
		},

		{
			"groupname": "Right.DC.BuiltinGroup.TerminalServerLicenseServers",
			"alias": "Rights-OS",
			"scope": [ "domain" ],
			"groupdescription": "Right DC: Member of local group 'Terminal Server License Servers'",
			"grouptype": "global"
		},
		
		{
			"groupname": "Right.DC.BuiltinGroup.WindowsAuthorizationAccessGroup",
			"alias": "Rights-OS",
			"scope": [ "domain" ],
			"groupdescription": "Right DC: Member of local group 'Windows Authorization Access Group'",
			"grouptype": "global"
		},

		{
			"groupname": "Right.DC.URA.SeShutdownPrivilege",
			"alias": "Rights-OS",
			"scope": [ "domain" ],
			"groupdescription": "Right DC: URA 'Shut down the system' (SeShutdownPrivilege)",
			"grouptype": "domainlocal"
		},
		
		{
			"groupname": "Right.DC.URA.SeRemoteShutdownPrivilege",
			"alias": "Rights-OS",
			"scope": [ "domain" ],
			"groupdescription": "Right DC: URA 'Force shutdown from a remote system' (SeRemoteShutdownPrivilege)",
			"grouptype": "domainlocal"
		},

		{
			"groupname": "Right.DC.URA.SeIncreaseQuotaPrivilege",
			"alias": "Rights-OS",
			"scope": [ "domain" ],
			"groupdescription": "Right DC: URA 'Adjust Memory Quotas for a Process' (SeIncreaseQuotaPrivilege)",
			"grouptype": "domainlocal"
		},
		
		{
			"groupname": "Right.DC.URA.SeDelegateSessionUserImpersonatePrivilege",
			"alias": "Rights-OS",
			"scope": [ "domain" ],
			"groupdescription": "Right DC: URA 'Obtain impersonation token for another user in the same session' (SeDelegateSessionUserImpersonatePrivilege)",
			"grouptype": "domainlocal"
		},

		{
			"groupname": "Right.DC.URA.SeRelabelPrivilege",
			"alias": "Rights-OS",
			"scope": [ "domain" ],
			"groupdescription": "Right DC: URA 'Modify an object label' (SeRelabelPrivilege)",
			"grouptype": "domainlocal"
		},

		{
			"groupname": "Right.DC.URA.SeIncreaseWorkingSetPrivilege",
			"alias": "Rights-OS",
			"scope": [ "domain" ],
			"groupdescription": "Right DC: URA 'Increase a process working set' (SeIncreaseWorkingSetPrivilege)",
			"grouptype": "domainlocal"
		},

		{
			"groupname": "Right.DC.URA.SeAssignPrimaryTokenPrivilege",
			"alias": "Rights-OS",
			"scope": [ "domain" ],
			"groupdescription": "Right DC: URA 'Replace a process-level token' (SeAssignPrimaryTokenPrivilege)",
			"grouptype": "domainlocal"
		},

		{
			"groupname": "Right.DC.URA.SeSystemProfilePrivilege",
			"alias": "Rights-OS",
			"scope": [ "domain" ],
			"groupdescription": "Right DC: URA 'Profile system performance' (SeSystemProfilePrivilege)",
			"grouptype": "domainlocal"
		}
	]
}
