{ 
	"rights_groups": [
		{
			"GroupName": "Right.AD.Group.DomainAdmins.Member",
			"alias": "Rights-Protected",
			"Scope": "domain",
			"GroupDescription": "Member of Domain Admins in domain '###DomainFQDN###'",
			"GroupType": "global",
			"MemberOf": [ 
					"Domain Admins"
			]
		},

		{
			"GroupName": "Right.AD.Group.EnterpriseAdmins.Member",
			"alias": "Rights-Protected",
			"Scope": "domain",
			"GroupDescription": "Member of Enterprise Admins in domain '###DomainFQDN###'",
			"GroupType": "global",
			"MemberOf": [
				"Enterprise Admins"
			]
		},

		{
			"GroupName": "Right.AD.Group.SchemaAdmins.Member",
			"alias": "Rights-Protected",
			"Scope": "domain",
			"GroupDescription": "Member of Schema Admins in domain '###DomainFQDN###'",
			"GroupType": "global",
			"MemberOf": [
				"Schema Admins"
			]
		},

		{
			"GroupName": "Right.AD.Group.AllowedRODCPwdRepl.Member",
			"alias": "Rights-SVC",
			"Scope": "domain",
			"GroupDescription": "Member of 'Allowed RODC Password Replication Group' in domain '###DomainFQDN###'",
			"GroupType": "domainlocal",
			"MemberOf": [
				"Allowed RODC Password Replication Group"
			]
		},

		{
			"GroupName": "Right.AD.Group.DeniedRODCPwdRepl.Member",
			"alias": "Rights-SVC",
			"Scope": "domain",
			"GroupDescription": "Member of 'Denied RODC Password Replication Group' in domain '###DomainFQDN###'",
			"GroupType": "domainlocal",
			"MemberOf": [
				"Denied RODC Password Replication Group"
			]
		},
	
		{
			"GroupName": "Right.AD.Group.CertPublishers.Member",
			"alias": "Rights-SVC",
			"Scope": "domain",
			"GroupDescription": "Member of 'Cert Publishers' in domain '###DomainFQDN###'",
			"GroupType": "domainlocal",
			"MemberOf": [
				"Cert Publishers"
			]
		},
		
		{
			"GroupName": "Right.AD.Group.DnsAdmins.Member",
			"alias": "Rights-SVC",
			"Scope": "domain",
			"GroupDescription": "Member of 'DnsAdmins' in domain '###DomainFQDN###'",
			"GroupType": "domainlocal",
			"MemberOf": [
				"DnsAdmins"
			]
		},

		{
			"GroupName": "Right.AD.Group.DnsUpdateProxy.Member",
			"alias": "Rights-SVC",
			"Scope": "domain",
			"GroupDescription": "Member of 'DnsUpdateProxy' in domain '###DomainFQDN###'. For DHCP Servers as members.",
			"GroupType": "global",
			"MemberOf": [
				"DnsUpdateProxy"
			]
		},

		{
			"GroupName": "Right.AD.Group.EnterpriseKeyAdmins.Member",
			"alias": "Rights-SVC",
			"Scope": "domain",
			"GroupDescription": "Member of 'Enterprise Key Admins' in forest '###DomainFQDN###'",
			"GroupType": "universal",
			"MemberOf": [
				"Enterprise Key Admins"
			]
		},

		{
			"GroupName": "Right.AD.Group.KeyAdmins.Member",
			"alias": "Rights-SVC",
			"Scope": "domain",
			"GroupDescription": "Member of 'Key Admins' in domain '###DomainFQDN###'",
			"GroupType": "global",
			"MemberOf": [
				"Key Admins"
			]
		},
		
		{
			"GroupName": "Right.AD.Group.ProtectedUsers.Member",
			"alias": "Rights-SVC",
			"Scope": "domain",
			"GroupDescription": "Member of 'Protected Users' in domain '###DomainFQDN###'",
			"GroupType": "global",
			"MemberOf": [
				"Protected Users"
			]
		},

		{
			"GroupName": "Right.AD.Group.RASandIASServers.Member",
			"alias": "Rights-SVC",
			"Scope": "domain",
			"GroupDescription": "Member of 'RAS and IAS Servers' in domain '###DomainFQDN###'",
			"GroupType": "domainlocal",
			"MemberOf": [
				"RAS and IAS Servers"
			]
		},

		{
			"GroupName": "Right.AD.Computer.Servers.CreModDel",
			"alias": "Rights-SVC",
			"Scope": "domain",
			"GroupDescription": "Right to CREate, MODify and DELete Server computer objects",
			"GroupType": "domainlocal",
			"Rights": 
			[
				{
					"alias": "Computer-Servers",
					"AccessControlType":  "Allow",
					"Scope":  "domain",
					"ActiveDirectorySecurityInheritance":  "Descendents",
					"ActiveDirectoryRights":  "CreateChild,DeleteChild",
					"ObjectType":  "Computer",
					"InheritedObjectType":  "organizationalUnit"
				},
				{
					"alias": "Computer-Servers",
					"AccessControlType":  "Allow",
					"Scope":  "domain",
					"ActiveDirectorySecurityInheritance":  "Descendents",
					"ObjectType":  "All",
					"InheritedObjectType":  "Computer",
					"ActiveDirectoryRights":  "WriteProperty"
				}
			]	
		},
		{
			"GroupName": "Right.AD.Computer.Servers-Windows.CreModDel",
			"alias": "Rights-SVC",
			"Scope": "domain",
			"GroupDescription": "Right to CREate, MODify and DELete Windows Server computer objects",
			"GroupType": "domainlocal",
			"Rights": 
			[
				{
					"alias": "Computer-Servers-Win",
					"AccessControlType":  "Allow",
					"Scope":  "domain",
					"ActiveDirectorySecurityInheritance":  "Descendents",
					"ActiveDirectoryRights":  "CreateChild,DeleteChild",
					"ObjectType":  "Computer",
					"InheritedObjectType":  "organizationalUnit"
				},
				{
					"alias": "Computer-Servers-Win",
					"AccessControlType":  "Allow",
					"Scope":  "domain",
					"ActiveDirectorySecurityInheritance":  "Descendents",
					"ObjectType":  "All",
					"InheritedObjectType":  "Computer",
					"ActiveDirectoryRights":  "WriteProperty"
				}
			]
		},
		{
			"GroupName": "Right.AD.Computer.Servers-Windows.LAPSRead",
			"alias": "Rights-SVC",
			"Scope": "domain",
			"GroupDescription": "Right to Read LAPS Password on Windows Server computer objects",
			"GroupType": "domainlocal",
			"Rights": 
			[
				{
					"alias": "Computer-Servers-Win",
					"AccessControlType":  "Allow",
					"Scope":  "domain",
					"ActiveDirectorySecurityInheritance":  "Descendents",
					"ActiveDirectoryRights":  "ReadProperty",
					"ObjectType":  "ms-Mcs-AdmPwd",
					"InheritedObjectType":  "Computer"
				}
			]
		},
		{
			"GroupName": "Right.AD.Computer.Servers-Windows.LAPSModify",
			"alias": "Rights-SVC",
			"Scope": "domain",
			"GroupDescription": "Right to Read and Modify LAPS Password on Windows Server computer objects",
			"GroupType": "domainlocal",
			"Rights": 
			[
				{
					"alias": "Computer-Servers-Win",
					"AccessControlType":  "Allow",
					"Scope":  "domain",
					"ActiveDirectorySecurityInheritance":  "Descendents",
					"ActiveDirectoryRights":  "ReadProperty",
					"ObjectType":  "ms-Mcs-AdmPwd",
					"InheritedObjectType":  "Computer"
				},
				{
					"alias": "Computer-Servers-Win",
					"AccessControlType":  "Allow",
					"Scope":  "domain",
					"ActiveDirectorySecurityInheritance":  "Descendents",
					"ActiveDirectoryRights":  "ReadProperty,WriteProperty",
					"ObjectType":  "ms-Mcs-AdmPwdExpirationTime",
					"InheritedObjectType":  "Computer"
				}
			]
		},
		{
			"GroupName": "Right.AD.Computer.Servers-Linux.CreModDel",
			"alias": "Rights-SVC",
			"Scope": "domain",
			"GroupDescription": "Right to CREate, MODify and DELete Linux Server computer objects",
			"GroupType": "domainlocal",
			"Rights": 
			[
				{
					"alias": "Computer-Servers-Lin",
					"AccessControlType":  "Allow",
					"Scope":  "domain",
					"ActiveDirectorySecurityInheritance":  "Descendents",
					"ActiveDirectoryRights":  "CreateChild,DeleteChild",
					"ObjectType":  "Computer",
					"InheritedObjectType":  "organizationalUnit"
				},
				{
					"alias": "Computer-Servers-Lin",
					"AccessControlType":  "Allow",
					"Scope":  "domain",
					"ActiveDirectorySecurityInheritance":  "Descendents",
					"ObjectType":  "All",
					"InheritedObjectType":  "Computer",
					"ActiveDirectoryRights":  "WriteProperty"
				}
			]	
		},
		
		{
			"GroupName": "Right.AD.Computer.Workstations.CreModDel",
			"alias": "Rights-SVC",
			"Scope": "domain",
			"GroupDescription": "Right to CREate, MODify and DELete Workstation computer objects",
			"GroupType": "domainlocal",
			"Rights": 
			[
				{
					"alias": "Computer-Workstations",
					"AccessControlType":  "Allow",
					"Scope":  "domain",
					"ActiveDirectorySecurityInheritance":  "Descendents",
					"ActiveDirectoryRights":  "CreateChild,DeleteChild",
					"ObjectType":  "Computer",
					"InheritedObjectType":  "organizationalUnit"
				},
				{
					"alias": "Computer-Workstations",
					"AccessControlType":  "Allow",
					"Scope":  "domain",
					"ActiveDirectorySecurityInheritance":  "Descendents",
					"ObjectType":  "All",
					"InheritedObjectType":  "Computer",
					"ActiveDirectoryRights":  "WriteProperty"
				}
			]	
		},
		{
			"GroupName": "Right.AD.Computer.ComputersCN.CreModDel",
			"alias": "Rights-SVC",
			"Scope": "domain",
			"GroupDescription": "Right to CREate, MODify and DELete computer objects in the CN=Computers Container, used in manual domain join (and move to role OU)",
			"GroupType": "domainlocal",
			"Rights": 
			[
				{
					"Path": "CN=Computers",
					"AccessControlType":  "Allow",
					"Scope":  "domain",
					"ActiveDirectorySecurityInheritance":  "None",
					"ActiveDirectoryRights":  "CreateChild,DeleteChild",
					"ObjectType":  "Computer",
					"InheritedObjectType":  "All"
				},
				{
					"Path": "CN=Computers",
					"AccessControlType":  "Allow",
					"Scope":  "domain",
					"ActiveDirectorySecurityInheritance":  "Children",
					"ObjectType":  "All",
					"InheritedObjectType":  "Computer",
					"ActiveDirectoryRights":  "WriteProperty"
				}
			]	
		},
	
		{
			"GroupName": "Right.AD.Group.EndUser.CreModDel",
			"alias": "Rights-SVC",
			"Scope":  "domain",
			"GroupDescription":   "Right to CREate, MODify and DELete AD groups below OU \u0027EndUserGroups\u0027. ",
			"GroupType":  "DomainLocal",
			"Rights":  
			[
				{
					"AccessControlType":  "Allow",
					"Scope":  "domain",
					"ActiveDirectorySecurityInheritance":  "Descendents",
					"ActiveDirectoryRights":  "CreateChild,DeleteChild",
					"ObjectType":  "Group",
					"InheritedObjectType":  "organizationalUnit",
					"alias": "Groups-EndUser"
				},
				{
					"AccessControlType":  "Allow",
					"Scope":  "domain",
					"ActiveDirectorySecurityInheritance":  "Descendents",
					"ObjectType":  "All",
					"InheritedObjectType":  "Group",
					"ActiveDirectoryRights":  "WriteProperty",
					"alias": "Groups-EndUser"
				}
			]
		},
		{
			"GroupName": "Right.AD.Group.EndUser.ModifyMembers",
			"alias": "Rights-SVC",
			"Scope":  "domain",
			"GroupDescription":   "Right to Modify Members of AD Groups below OU \u0027EndUserGroups\u0027. ",
			"GroupType":  "DomainLocal",
			"Rights":  
			[
				{
					"AccessControlType":  "Allow",
					"Scope":  "domain",
					"ActiveDirectorySecurityInheritance":  "Descendents",
					"InheritedObjectType":  "Group",
					"ActiveDirectoryRights":  "WriteProperty",
					"ObjectType":  "Member",
					"alias": "Groups-EndUser"
				}
			]
		},

		{
			"GroupName": "Right.AD.Group.EndUser-App.CreModDel",
			"alias": "Rights-SVC",
			"Scope":  "domain",
			"GroupDescription":   "Right to CREate, MODify and DELete AD Groups below OU \u0027AppGroups\u0027. ",
			"GroupType":  "DomainLocal",
			"Rights":  
			[
				{
					"AccessControlType":  "Allow",
					"Scope":  "domain",
					"ActiveDirectorySecurityInheritance":  "Descendents",
					"ActiveDirectoryRights":  "CreateChild,DeleteChild",
					"ObjectType":  "Group",
					"InheritedObjectType":  "organizationalUnit",
					"alias": "Groups-EndUser-AppGroups"
				},
				{
					"AccessControlType":  "Allow",
					"Scope":  "domain",
					"ActiveDirectorySecurityInheritance":  "Descendents",
					"ObjectType":  "All",
					"InheritedObjectType":  "Group",
					"ActiveDirectoryRights":  "WriteProperty",
					"alias": "Groups-EndUser-AppGroups"
				}
			]
		},
		{
			"GroupName": "Right.AD.Group.EndUser-App.ModifyMembers",
			"alias": "Rights-SVC",
			"Scope":  "domain",
			"GroupDescription":   "Right to Modify Members of AD Groups below OU \u0027AppGroups\u0027. ",
			"GroupType":  "DomainLocal",
			"Rights":  
			[
				{
					"AccessControlType":  "Allow",
					"Scope":  "domain",
					"ActiveDirectorySecurityInheritance":  "Descendents",
					"InheritedObjectType":  "Group",
					"ActiveDirectoryRights":  "WriteProperty",
					"ObjectType":  "Member",
					"alias": "Groups-EndUser-AppGroups"
				}
			]
		},

		{
			"GroupName": "Right.AD.Group.EndUser-Project.CreModDel",
			"alias": "Rights-SVC",
			"Scope":  "domain",
			"GroupDescription":   "Right to CREate, MODify and DELete AD Groups below OU \u0027ProjectGroups\u0027. ",
			"GroupType":  "DomainLocal",
			"Rights":  
			[
				{
					"AccessControlType":  "Allow",
					"Scope":  "domain",
					"ActiveDirectorySecurityInheritance":  "Descendents",
					"ActiveDirectoryRights":  "CreateChild,DeleteChild",
					"ObjectType":  "Group",
					"InheritedObjectType":  "organizationalUnit",
					"alias": "Groups-EndUser-ProjectGroups"
				},
				{
					"AccessControlType":  "Allow",
					"Scope":  "domain",
					"ActiveDirectorySecurityInheritance":  "Descendents",
					"ObjectType":  "All",
					"InheritedObjectType":  "Group",
					"ActiveDirectoryRights":  "WriteProperty",
					"alias": "Groups-EndUser-ProjectGroups"
				}
			]
		},
		{
			"GroupName": "Right.AD.Group.EndUser-Project.ModifyMembers",
			"alias": "Rights-SVC",
			"Scope":  "domain",
			"GroupDescription":   "Right to Modify Members of AD Groups below OU \u0027ProjectGroups\u0027. ",
			"GroupType":  "DomainLocal",
			"Rights":  
			[
				{
					"AccessControlType":  "Allow",
					"Scope":  "domain",
					"ActiveDirectorySecurityInheritance":  "Descendents",
					"InheritedObjectType":  "Group",
					"ActiveDirectoryRights":  "WriteProperty",
					"ObjectType":  "Member",
					"alias": "Groups-EndUser-ProjectGroups"
				}
			]
		},

		{
			"GroupName": "Right.AD.Group.EndUser-Department.CreModDel",
			"alias": "Rights-SVC",
			"Scope":  "domain",
			"GroupDescription":   "Right to CREate, MODify and DELete AD Groups below OU \u0027DepartmentGroups\u0027. ",
			"GroupType":  "DomainLocal",
			"Rights":  
			[
				{
					"AccessControlType":  "Allow",
					"Scope":  "domain",
					"ActiveDirectorySecurityInheritance":  "Descendents",
					"ActiveDirectoryRights":  "CreateChild,DeleteChild",
					"ObjectType":  "Group",
					"InheritedObjectType":  "organizationalUnit",
					"alias": "Groups-EndUser-DepartmentGroups"
				},
				{
					"AccessControlType":  "Allow",
					"Scope":  "domain",
					"ActiveDirectorySecurityInheritance":  "Descendents",
					"ObjectType":  "All",
					"InheritedObjectType":  "Group",
					"ActiveDirectoryRights":  "WriteProperty",
					"alias": "Groups-EndUser-DepartmentGroups"
				}
			]
		},
		{
			"GroupName": "Right.AD.Group.EndUser-Department.ModifyMembers",
			"alias": "Rights-SVC",
			"Scope":  "domain",
			"GroupDescription":   "Right to Modify Members of AD Groups below OU \u0027DepartmentGroups\u0027. ",
			"GroupType":  "DomainLocal",
			"Rights":  
			[
				{
					"AccessControlType":  "Allow",
					"Scope":  "domain",
					"ActiveDirectorySecurityInheritance":  "Descendents",
					"InheritedObjectType":  "Group",
					"ActiveDirectoryRights":  "WriteProperty",
					"ObjectType":  "Member",
					"alias": "Groups-EndUser-DepartmentGroups"
				}
			]
		},

		{
			"GroupName": "Right.AD.Group.EndUser-Distribution.CreModDel",
			"alias": "Rights-SVC",
			"Scope":  "domain",
			"GroupDescription":   "Right to CREate, MODify and DELete AD Groups below OU \u0027DistributionGroups\u0027. ",
			"GroupType":  "DomainLocal",
			"Rights":  
			[
				{
					"AccessControlType":  "Allow",
					"Scope":  "domain",
					"ActiveDirectorySecurityInheritance":  "Descendents",
					"ActiveDirectoryRights":  "CreateChild,DeleteChild",
					"ObjectType":  "Group",
					"InheritedObjectType":  "organizationalUnit",
					"alias": "Groups-EndUser-DistributionGroups"
				},
				{
					"AccessControlType":  "Allow",
					"Scope":  "domain",
					"ActiveDirectorySecurityInheritance":  "Descendents",
					"ObjectType":  "All",
					"InheritedObjectType":  "Group",
					"ActiveDirectoryRights":  "WriteProperty",
					"alias": "Groups-EndUser-DistributionGroups"
				}
			]
		},
		{
			"GroupName": "Right.AD.Group.EndUser-Distribution.ModifyMembers",
			"alias": "Rights-SVC",
			"Scope":  "domain",
			"GroupDescription":   "Right to Modify Members of AD Groups below OU \u0027DistributionGroups\u0027. ",
			"GroupType":  "DomainLocal",
			"Rights":  
			[
				{
					"AccessControlType":  "Allow",
					"Scope":  "domain",
					"ActiveDirectorySecurityInheritance":  "Descendents",
					"InheritedObjectType":  "Group",
					"ActiveDirectoryRights":  "WriteProperty",
					"ObjectType":  "Member",
					"alias": "Groups-EndUser-DistributionGroups"
				}
			]
		},

	
		{
			"GroupName": "Right.AD.Group.EndUser-Cooperation.CreModDel",
			"alias": "Rights-SVC",
			"Scope":  "domain",
			"GroupDescription":   "Right to CREate, MODify and DELete AD Groups below OU \u0027CooperationGroups\u0027. ",
			"GroupType":  "DomainLocal",
			"Rights":  
			[
				{
					"AccessControlType":  "Allow",
					"Scope":  "domain",
					"ActiveDirectorySecurityInheritance":  "Descendents",
					"ActiveDirectoryRights":  "CreateChild,DeleteChild",
					"ObjectType":  "Group",
					"InheritedObjectType":  "organizationalUnit",
					"alias": "Groups-EndUser-CooperationGroups"
				},
				{
					"AccessControlType":  "Allow",
					"Scope":  "domain",
					"ActiveDirectorySecurityInheritance":  "Descendents",
					"ObjectType":  "All",
					"InheritedObjectType":  "Group",
					"ActiveDirectoryRights":  "WriteProperty",
					"alias": "Groups-EndUser-CooperationGroups"
				}
			]
		},
		{
			"GroupName": "Right.AD.Group.EndUser-Cooperation.ModifyMembers",
			"alias": "Rights-SVC",
			"Scope":  "domain",
			"GroupDescription":   "Right to Modify Members of AD Groups below OU \u0027CooperationGroups\u0027. ",
			"GroupType":  "DomainLocal",
			"Rights":  
			[
				{
					"AccessControlType":  "Allow",
					"Scope":  "domain",
					"ActiveDirectorySecurityInheritance":  "Descendents",
					"InheritedObjectType":  "Group",
					"ActiveDirectoryRights":  "WriteProperty",
					"ObjectType":  "Member",
					"alias": "Groups-EndUser-CooperationGroups"
				}
			]
		},

		{
			"GroupName": "Right.AD.Group.Rights.CreModDel",
			"alias": "Rights-SVC",
			"Scope":  "domain",
			"GroupDescription":   "Right to CREate, MODify and DELete AD Groups below OU \u0027Rights\u0027. ",
			"GroupType":  "DomainLocal",
			"Rights":  
			[
				{
					"AccessControlType":  "Allow",
					"Scope":  "domain",
					"ActiveDirectorySecurityInheritance":  "Descendents",
					"ActiveDirectoryRights":  "CreateChild,DeleteChild",
					"ObjectType":  "Group",
					"InheritedObjectType":  "organizationalUnit",
					"alias": "Rights-Root"
				},
				{
					"AccessControlType":  "Allow",
					"Scope":  "domain",
					"ActiveDirectorySecurityInheritance":  "Descendents",
					"ObjectType":  "All",
					"InheritedObjectType":  "Group",
					"ActiveDirectoryRights":  "WriteProperty",
					"alias": "Rights-Root"
				}
			]
		},
		{
			"GroupName": "Right.AD.Group.Rights.ModifyMembers",
			"alias": "Rights-SVC",
			"Scope":  "domain",
			"GroupDescription":   "Right to Modify Members of AD Groups below OU \u0027Rights\u0027. ",
			"GroupType":  "DomainLocal",
			"Rights":  
			[
				{
					"AccessControlType":  "Allow",
					"Scope":  "domain",
					"ActiveDirectorySecurityInheritance":  "Descendents",
					"InheritedObjectType":  "Group",
					"ActiveDirectoryRights":  "WriteProperty",
					"ObjectType":  "Member",
					"alias": "Rights-Root"
				}
			]
		},
	
		{
			"GroupName": "Right.AD.Group.Rights-OS.CreModDel",
			"alias": "Rights-SVC",
			"Scope":  "domain",
			"GroupDescription":   "Right to CREate, MODify and DELete AD Groups below OU \u0027Rights/OS\u0027. ",
			"GroupType":  "DomainLocal",
			"Rights":  
			[
				{
					"AccessControlType":  "Allow",
					"Scope":  "domain",
					"ActiveDirectorySecurityInheritance":  "Descendents",
					"ActiveDirectoryRights":  "CreateChild,DeleteChild",
					"ObjectType":  "Group",
					"InheritedObjectType":  "organizationalUnit",
					"alias": "Rights-OS"
				},
				{
					"AccessControlType":  "Allow",
					"Scope":  "domain",
					"ActiveDirectorySecurityInheritance":  "Descendents",
					"ObjectType":  "All",
					"InheritedObjectType":  "Group",
					"ActiveDirectoryRights":  "WriteProperty",
					"alias": "Rights-OS"
				}
			]
		},
		{
			"GroupName": "Right.AD.Group.Rights-OS.ModifyMembers",
			"alias": "Rights-SVC",
			"Scope":  "domain",
			"GroupDescription":   "Right to Modify Members of AD Groups below OU \u0027Rights/OS\u0027. ",
			"GroupType":  "DomainLocal",
			"Rights":  
			[
				{
					"AccessControlType":  "Allow",
					"Scope":  "domain",
					"ActiveDirectorySecurityInheritance":  "Descendents",
					"InheritedObjectType":  "Group",
					"ActiveDirectoryRights":  "WriteProperty",
					"ObjectType":  "Member",
					"alias": "Rights-OS"
				}
			]
		},


		{
			"GroupName": "Right.AD.Group.Rights-SVC.CreModDel",
			"alias": "Rights-SVC",
			"Scope":  "domain",
			"GroupDescription":   "Right to CREate, MODify and DELete AD Groups below OU \u0027Rights/SVC\u0027. ",
			"GroupType":  "DomainLocal",
			"Rights":  
			[
				{
					"AccessControlType":  "Allow",
					"Scope":  "domain",
					"ActiveDirectorySecurityInheritance":  "Descendents",
					"ActiveDirectoryRights":  "CreateChild,DeleteChild",
					"ObjectType":  "Group",
					"InheritedObjectType":  "organizationalUnit",
					"alias": "Rights-SVC"
				},
				{
					"AccessControlType":  "Allow",
					"Scope":  "domain",
					"ActiveDirectorySecurityInheritance":  "Descendents",
					"ObjectType":  "All",
					"InheritedObjectType":  "Group",
					"ActiveDirectoryRights":  "WriteProperty",
					"alias": "Rights-SVC"
				}
			]
		},
		{
			"GroupName": "Right.AD.Group.Rights-SVC.ModifyMembers",
			"alias": "Rights-SVC",
			"Scope":  "domain",
			"GroupDescription":   "Right to Modify Members of AD Groups below OU \u0027Rights/SVC\u0027. ",
			"GroupType":  "DomainLocal",
			"Rights":  
			[
				{
					"AccessControlType":  "Allow",
					"Scope":  "domain",
					"ActiveDirectorySecurityInheritance":  "Descendents",
					"InheritedObjectType":  "Group",
					"ActiveDirectoryRights":  "WriteProperty",
					"ObjectType":  "Member",
					"alias": "Rights-SVC"
				}
			]
		},

		{
			"GroupName": "Right.AD.Group.Roles.CreModDel",
			"alias": "Rights-SVC",
			"Scope":  "domain",
			"GroupDescription":   "Right to CREate, MODify and DELete AD Groups below OU \u0027Roles\u0027. ",
			"GroupType":  "DomainLocal",
			"Rights":  
			[
				{
					"AccessControlType":  "Allow",
					"Scope":  "domain",
					"ActiveDirectorySecurityInheritance":  "Descendents",
					"ActiveDirectoryRights":  "CreateChild,DeleteChild",
					"ObjectType":  "Group",
					"InheritedObjectType":  "organizationalUnit",
					"alias": "Roles-Root"
				},
				{
					"AccessControlType":  "Allow",
					"Scope":  "domain",
					"ActiveDirectorySecurityInheritance":  "Descendents",
					"ObjectType":  "All",
					"InheritedObjectType":  "Group",
					"ActiveDirectoryRights":  "WriteProperty",
					"alias": "Roles-Root"
				}
			]
		},
		{
			"GroupName": "Right.AD.Group.Roles.ModifyMembers",
			"alias": "Rights-SVC",
			"Scope":  "domain",
			"GroupDescription":   "Right to Modify Members of AD Groups below OU \u0027Roles\u0027. ",
			"GroupType":  "DomainLocal",
			"Rights":  
			[
				{
					"AccessControlType":  "Allow",
					"Scope":  "domain",
					"ActiveDirectorySecurityInheritance":  "Descendents",
					"InheritedObjectType":  "Group",
					"ActiveDirectoryRights":  "WriteProperty",
					"ObjectType":  "Member",
					"alias": "Roles-Root"
				}
			]
		},
	
		{
			"GroupName": "Right.AD.Group.Roles-OS.CreModDel",
			"alias": "Rights-SVC",
			"Scope":  "domain",
			"GroupDescription":   "Right to CREate, MODify and DELete AD Groups below OU \u0027Roles/OS\u0027. ",
			"GroupType":  "DomainLocal",
			"Rights":  
			[
				{
					"AccessControlType":  "Allow",
					"Scope":  "domain",
					"ActiveDirectorySecurityInheritance":  "Descendents",
					"ActiveDirectoryRights":  "CreateChild,DeleteChild",
					"ObjectType":  "Group",
					"InheritedObjectType":  "organizationalUnit",
					"alias": "Roles-OS"
				},
				{
					"AccessControlType":  "Allow",
					"Scope":  "domain",
					"ActiveDirectorySecurityInheritance":  "Descendents",
					"ObjectType":  "All",
					"InheritedObjectType":  "Group",
					"ActiveDirectoryRights":  "WriteProperty",
					"alias": "Roles-OS"
				}
			]
		},

		{
			"GroupName": "Right.AD.Group.Roles-OS.ModifyMembers",
			"alias": "Rights-SVC",
			"Scope":  "domain",
			"GroupDescription":   "Right to Modify Members of AD Groups below OU \u0027Roles-DomainScope\u0027. ",
			"GroupType":  "DomainLocal",
			"Rights":  
			[
				{
					"AccessControlType":  "Allow",
					"Scope":  "domain",
					"ActiveDirectorySecurityInheritance":  "Descendents",
					"InheritedObjectType":  "Group",
					"ActiveDirectoryRights":  "WriteProperty",
					"ObjectType":  "Member",
					"alias": "Roles-OS"
				}
			]
		},


		{
			"GroupName": "Right.AD.Group.Roles-SVC.CreModDel",
			"alias": "Rights-SVC",
			"Scope":  "domain",
			"GroupDescription":   "Right to CREate, MODify and DELete AD Groups below OU \u0027Roles/SVC\u0027. ",
			"GroupType":  "DomainLocal",
			"Rights":  
			[
				{
					"AccessControlType":  "Allow",
					"Scope":  "domain",
					"ActiveDirectorySecurityInheritance":  "Descendents",
					"ActiveDirectoryRights":  "CreateChild,DeleteChild",
					"ObjectType":  "Group",
					"InheritedObjectType":  "organizationalUnit",
					"alias": "Roles-SVC"
				},
				{
					"AccessControlType":  "Allow",
					"Scope":  "domain",
					"ActiveDirectorySecurityInheritance":  "Descendents",
					"ObjectType":  "All",
					"InheritedObjectType":  "Group",
					"ActiveDirectoryRights":  "WriteProperty",
					"alias": "Roles-SVC"
				}
			]
		},

		{
			"GroupName": "Right.AD.Group.Roles-SVC.ModifyMembers",
			"alias": "Rights-SVC",
			"Scope":  "domain",
			"GroupDescription":   "Right to Modify Members of AD Groups below OU \u0027Roles/SVC\u0027. ",
			"GroupType":  "DomainLocal",
			"Rights":  
			[
				{
					"AccessControlType":  "Allow",
					"Scope":  "domain",
					"ActiveDirectorySecurityInheritance":  "Descendents",
					"InheritedObjectType":  "Group",
					"ActiveDirectoryRights":  "WriteProperty",
					"ObjectType":  "Member",
					"alias": "Roles-SVC"
				}
			]
		},


		{
			"GroupName": "Right.AD.Users.CreModDel",
			"alias": "Rights-SVC",
			"Scope":  "domain",
			"GroupDescription":   "Right to CREate, MODify and DELete Users below OU \u0027Users\u0027. ",
			"GroupType":  "DomainLocal",
			"Rights":  
			[
				{
					"AccessControlType":  "Allow",
					"Scope":  "domain",
					"ActiveDirectorySecurityInheritance":  "Descendents",
					"ActiveDirectoryRights":  "CreateChild,DeleteChild",
					"ObjectType":  "User",
					"InheritedObjectType":  "organizationalUnit",
					"alias": "Users"
				},
				{
					"AccessControlType":  "Allow",
					"Scope":  "domain",
					"ActiveDirectorySecurityInheritance":  "Descendents",
					"ObjectType":  "User",
					"InheritedObjectType":  "User",
					"ActiveDirectoryRights":  "WriteProperty",
					"alias": "Users"
				}
			]
		},
	
		{
			"GroupName": "Right.AD.Users.AdmUsers.CreModDel",
			"alias": "Rights-SVC",
			"Scope":  "domain",
			"GroupDescription":   "Right to CREate, MODify and DELete Users below OU \u0027Users-AdmUsers\u0027. ",
			"GroupType":  "DomainLocal",
			"Rights":  
			[
				{
					"AccessControlType":  "Allow",
					"Scope":  "domain",
					"ActiveDirectorySecurityInheritance":  "Descendents",
					"ActiveDirectoryRights":  "CreateChild,DeleteChild",
					"ObjectType":  "User",
					"InheritedObjectType":  "organizationalUnit",
					"alias": "Users-AdmUsers"
				},
				{
					"AccessControlType":  "Allow",
					"Scope":  "domain",
					"ActiveDirectorySecurityInheritance":  "Descendents",
					"ObjectType":  "All",
					"InheritedObjectType":  "User",
					"ActiveDirectoryRights":  "WriteProperty",
					"alias": "Users-AdmUsers"
				}
			]
		},
	
		{
			"GroupName": "Right.AD.Users.EndUsers.CreModDel",
			"alias": "Rights-SVC",
			"Scope":  "domain",
			"GroupDescription":   "Right to CREate, MODify and DELete Users below OU \u0027Users-EndUsers\u0027. ",
			"GroupType":  "DomainLocal",
			"Rights":  
			[
				{
					"AccessControlType":  "Allow",
					"Scope":  "domain",
					"ActiveDirectorySecurityInheritance":  "Descendents",
					"ActiveDirectoryRights":  "CreateChild,DeleteChild",
					"ObjectType":  "User",
					"InheritedObjectType":  "organizationalUnit",
					"alias": "Users-EndUsers"
				},
				{
					"AccessControlType":  "Allow",
					"Scope":  "domain",
					"ActiveDirectorySecurityInheritance":  "Descendents",
					"ObjectType":  "All",
					"InheritedObjectType":  "User",
					"ActiveDirectoryRights":  "WriteProperty",
					"alias": "Users-EndUsers"
				}
			]
		},
		
		{
			"GroupName": "Right.AD.Users.SvcUsers.CreModDel",
			"alias": "Rights-SVC",
			"Scope":  "domain",
			"GroupDescription":   "Right to CREate, MODify and DELete Users below OU \u0027Users-SvcUsers\u0027. ",
			"GroupType":  "DomainLocal",
			"Rights":  
			[
				{
					"AccessControlType":  "Allow",
					"Scope":  "domain",
					"ActiveDirectorySecurityInheritance":  "Descendents",
					"ActiveDirectoryRights":  "CreateChild,DeleteChild",
					"ObjectType":  "User",
					"InheritedObjectType":  "organizationalUnit",
					"alias": "Users-SvcUsers"
				},
				{
					"AccessControlType":  "Allow",
					"Scope":  "domain",
					"ActiveDirectorySecurityInheritance":  "Descendents",
					"ObjectType":  "All",
					"InheritedObjectType":  "User",
					"ActiveDirectoryRights":  "WriteProperty",
					"alias": "Users-SvcUsers"
				}
			]
		},
		
		{
			"GroupName": "Right.AD.Users.MsaUsers.CreModDel",
			"alias": "Rights-SVC",
			"Scope":  "domain",
			"GroupDescription":   "Right to CREate, MODify and DELete Users below OU \u0027Users-MsaUsers\u0027. ",
			"GroupType":  "DomainLocal",
			"Rights":  
			[
				{
					"AccessControlType":  "Allow",
					"Scope":  "domain",
					"ActiveDirectorySecurityInheritance":  "Descendents",
					"ActiveDirectoryRights":  "CreateChild,DeleteChild",
					"ObjectType":  "User",
					"InheritedObjectType":  "organizationalUnit",
					"alias": "Users-MsaUsers"
				},
				{
					"AccessControlType":  "Allow",
					"Scope":  "domain",
					"ActiveDirectorySecurityInheritance":  "Descendents",
					"ObjectType":  "All",
					"InheritedObjectType":  "User",
					"ActiveDirectoryRights":  "WriteProperty",
					"alias": "Users-MsaUsers"
				}
			]
		},
		
	

		{
			"groupname": "Right.AD.PKI.FullAccess",
			"alias": "Rights-SVC",
			"Scope": "domain",
			"GroupDescription": "Full access to 'CN=Public Key Services,CN=Services,CN=Configuration'. Used by Certificate Services",
			"GroupType": "domainlocal",
			"Rights": [ 
				{
					"Path": "CN=Public Key Services,CN=Services,CN=Configuration",
					"ActiveDirectoryRights": "GenericAll",
					"AccessControlType": "Allow",
					"ActiveDirectorySecurityInheritance": "All"
				},
				{
					"Path": "CN=Cert Publishers,CN=Users",
					"ActiveDirectoryRights": "WriteProperty",
					"ObjectType":  "Member",
					"AccessControlType": "Allow",
					"ActiveDirectorySecurityInheritance": "None"
				},
				{
					"Path": "CN=Pre-Windows 2000 Compatible Access,CN=Builtin",
					"ActiveDirectoryRights": "WriteProperty",
					"ObjectType":  "Member",
					"AccessControlType": "Allow",
					"ActiveDirectorySecurityInheritance": "None"
				}

			]
		}
	]
}
