{ 
	"role_groups": [
		{
			"groupname": "Role.AD.DomainAdmins",
			"alias": "Roles-Protected",
			"scope": "domain",
			"groupdescription": "Domain Admins in domain '###DomainFQDN###'",
			"grouptype": "global",
			"memberof": [ 
					"Right.AD.Group.DomainAdmins.Member"
			]
		},

		{
			"groupname": "Role.AD.EnterpriseAdmins",
			"alias": "Roles-Protected",
			"scope": "domain",
			"groupdescription": "Enterprise Admins in domain '###DomainFQDN###'",
			"grouptype": "global",
			"memberof": [
				"Right.AD.Group.EnterpriseAdmins.Member"
			]
		},
		
		{
			"groupname": "Role.AD.SchemaAdmins",
			"alias": "Roles-Protected",
			"scope": "domain",
			"groupdescription": "Schema Admins in domain '###DomainFQDN###'",
			"grouptype": "global",
			"memberof": [
				"Right.AD.Group.SchemaAdmins.Member"
			]
		},
		
		{
			"groupname": "Role.AD.FullAdmins",
			"alias": "Roles-Protected",
			"scope": "domain",
			"groupdescription": "Domain-, Enterprise- and Schema Admin in domain '###DomainFQDN###'",
			"grouptype": "global",
			"memberof": [
				"Right.AD.Group.DomainAdmins.Member",
				"Right.AD.Group.EnterpriseAdmins.Member",
				"Right.AD.Group.SchemaAdmins.Member"
			]
		},

		{
			"groupname": "Role.AD.RBACOperator",
			"alias": "Roles-SVC",
			"scope": "domain",
			"groupdescription": "Role for delegation of right to modify members in role groups",
			"grouptype": "domainlocal",
			"memberof": [
				"Right.AD.Group.Roles.ModifyMembers"
			]
		},

		{
			"groupname": "Role.AD.ADOperator",
			"alias": "Roles-SVC",
			"scope": "domain",
			"groupdescription": "General AD Operations role",
			"grouptype": "domainlocal",
			"memberof": [
				"Right.AD.Group.CertPublishers.Member",
				"Right.AD.Group.DnsAdmins.Member",
				"Right.AD.Computer.Servers.CreModDel",
				"Right.AD.Computer.Workstations.CreModDel",
				"Right.AD.Computer.Servers-Windows.LAPSModify",
				"Right.AD.Computer.ComputersCN.CreModDel",
				"Right.AD.Group.EndUser.CreModDel",
				"Right.AD.Group.Rights.CreModDel",
				"Right.AD.Group.Roles.CreModDel",
				"Right.AD.Users.CreModDel"
			]
		},

		{
			"groupname": "Role.AD.DHCPServers",
			"alias": "Roles-SVC",
			"scope": "domain",
			"groupdescription": " ",
			"grouptype": "global",
			"memberof": [
				"Right.AD.Group.DnsUpdateProxy.Member"
			]
		},
		
		{
			"groupname": "Role.AD.CADeploy",
			"alias": "Roles-SVC",
			"scope": "domain",
			"groupdescription": "Role for CA Deployment",
			"grouptype": "global",
			"memberof": [
				"Right.AD.PKI.FullAccess",
				"Right.AD.Group.CertPublishers.Member",
				"Right.DC.BuiltinGroup.BackupOperators"
			]
		}
	]
}